name,description,address,"parking info","public facility",accomodation,"sports facility","entertainment facility","support facility"
Gajosuhyuphyo城市公園,它是為了紀念韓國第一家漁業合作社的歷史意義而創建的。,慶尚南道巨濟市沙東面昌湖里2080,停車場有20個停車位,洗手間,,,展覽室,
影島歡迎中心,作為釜山新的旅遊勝地，可以欣賞到影島大橋的風光，並可以享受影島觀光所需的綜合服務。,"釜山市影島區Bongrae-dong 1-ga 1，",停車場有2個停車位,洗手間+停車場,,,,
"風景名勝Geochang Suseungdae",這是在廣昌洞中部由寬大的花崗岩基岩構成的山谷，被譽為巨昌郡黃川里黃山里嶺最好的東川。由於協調了基岩上的山間溪流和森林，該地方在2008年被指定為風景名勝區53號。,慶尚南道巨昌郡惠川面黃山里750-3,停車場有483個停車位,管理處+更衣室+洗手間+旅遊信息中心,,冒險設施+簡單的游泳池+雪橇區（20179）,木材體驗中心+觀憩區+圭延院+麗水亭+旺加寺+戶外表演廳+露營區+汽車露營區（29659）,自然定居點懸索橋（207559）
加城溫泉,"溫泉水水質：26.5℃/ PH 9.7（韓國最好的強鹼性水質）▶對風濕病和過敏性皮炎有極好的效果",慶尚南道巨昌郡高條面武里1301,停車場有168個停車位,管理處+停車場+公園,,網球場+綜合娛樂中心（6645）,水療公園（20302）,綠化區河（59043）
奧塞克旅遊景點,在雪嶽山和小西京可以看到美麗的自然風光,江原道陽陽郡西面加拉皮里165,停車場有1000個停車位,管理辦公室+停車場+污水處理設施+道路+廚房+公共洗手間,,游泳池+會所+高爾夫練習場,露營地+美化休息區,
葉安H,通過使用政府機構了解傳統文化並創造體驗空間,安東市土山面西武里201,停車場有50個停車位,停車場+洗手間等,,,延安縣體驗館+延安縣歷史博物館+三城公園等,售票處+餐廳
海豪旅遊理論,與豪霍村周圍傳統文化資源聯繫在一起的旅遊休閒綜合體,"安東市豐川面Hahoe-ri 287",停車場有500個停車位,管理室停車場售票處洗手間等,,射箭,面具博物館休息設施戶外表演廳等,問訊處售票處
安東文化旅遊區,具有運動，住宿和娛樂設施的居住型綜合文化園區,安東市城谷洞1559,停車場有458個停車位,停車場+管理室+海濱公園等,,高爾夫球場+空軍+遊樂園,儒家土地+生物館+天文台+娛樂文化設​​施等。,
京都大學,"在那洞河的1,300條水道中，慶尚台有一個古老的奧秘，已成為這條河的名字。",慶尚北道尚州市泗bul面三德里1-13,停車場有213個停車位,管理處+停車場+洗手間（5座建築物）+旅遊諮詢中心+水和污水處理,,雪橇運動範圍+生存範圍,游泳池+一般娛樂設施,
玉浦大勝利紀念公園,這是一個紀念公園，其目的是為了紀念伊真神海軍上將爆發後，李舜臣海軍上將首次戰勝大浦海戰，並繼承忠武公津。,"慶尚南道巨濟市Okpo 2洞San1-1",停車場有50個停車位,洗手間,,,,
朝鮮海上文化中心,傳統文化的保護和展示一直流傳到漁村，漁業歷史發生變化，被用作青年教育的場所和城市居民的休息場所,慶尚南道巨濟市伊倫面吉瀨裡929-88,停車場有30個停車位,洗手間,,,展覽室,
景深,"Jisimdo島是一個佈滿山茶花的島嶼，距離長城浦港約5公里。如果沿著吉西姆島（Jimsim Island）的小徑行走，您將在23小時內看到所有景點。",慶尚南道巨濟市伊崙面奧金里三號1號,停車場有20個停車位,洗手間,,,,
Chilcheonryang海戰公園,這是一個紀念公園，回想起了七日清海戰役的重要意義，據記載，這是在臨津戰爭期間朝鮮海軍最大的失敗。,"慶尚南道巨濟市八面市龍里區San 85-4",停車場有40個停車位,洗手間,,,展覽室,
囚犯保留公園,在朝鮮戰爭期間，巨濟島是一個孤立的自然營地，這裡保留著現代韓國歷史的傷痕。,"慶尚南道巨濟市Gohyeon-dong 363",停車場有100個停車位,洗手間,,,展覽室,
巨濟海牙岡,由於其卓越的自然風光，1971年被指定為第二風景區，其形狀經數億年的風浪沖刷而形成各種外觀。,慶尚南道巨濟市南面面加爾蓋里1號,沒有停車場,,,,,
事務,它是一個私人島嶼，是巨濟市的代表旅遊勝地。,慶尚南道巨濟市伊倫面瓦賢里109,沒有停車場,洗手間,,,展覽室,
貢古提,之所以稱其為貢果，是因為地形像like骨一樣突出，並種植了50多種樹木和花朵，例如水仙花和山茶花。,慶尚南道巨濟市伊倫面瓦賢里168-1,停車場有50個停車位,,,,,
前金龍山工藝展,開放以促進和繼承金山上總統的政治生活和民主思想,慶尚南道巨濟市江木面大浦裡1371,停車場有15個停車位,洗手間,,,,
門洞遊樂區,這是位於市中心的度假勝地，在這裡您可以感受到茂密的森林和清涼的微風以及Mundong瀑布。,"慶尚南道巨濟市文洞洞San 5-4",停車場有50個停車位,洗手間,,,,
風山,像電影標題一樣被稱為山丘的山丘，已在許多戲劇中作為背景而出名。當您沿著由Mamu樓梯連接的長廊爬上山坡時，難以控制身體的風就好像是在掙扎。如果您坐在山頂附近的長椅上，您會看到我們祖國的另一種美景，無法欣賞地中海的美景。,慶尚南道巨濟市南面面加爾蓋里292-11,停車場有150個停車位,洗手間,,,,
宇濟奉天文台,它位於海拔107m的觀景台，可欣賞哈里歐海森國家公園的全景。從前面，您可以看到巨濟海牙河，擁有一個未開發的絕妙景觀。,慶尚南道巨濟市南面面加爾蓋里2-16,停車場有200個停車位,,,,,
藍馬紀念館,為了紀念文學精神並增強其作為天馬Yo裕煥的出生地的成就而建立的紀念館。,慶尚南道巨濟市鄧德面邦哈里505-1,停車場有20個停車位,洗手間,,,展覽室,
海洋世界,作為韓國最大的海豚體驗館，您可以享受各種體驗和教育計劃，例如觸摸海豚，握手，餵食海豚等等。,慶尚南道巨濟市伊倫面蘇東里478-1,停車場有30個停車位,洗手間,,,展覽室+海豚體驗,
蘆薈主題公園,一個主題公園，您可以體驗各種體驗，例如在盆中種植蘆薈和享受足浴。,"慶尚南道巨濟市長安里San 121-3",停車場有30個停車位,洗手間,,,展覽室,
日落山,藍色的大海和紅色的日落營造出美麗的風景的地方,慶尚南道巨濟市薩東面昌湖里1475,停車場有10個停車位,洗手間,,,天文台,
李孝石文化藝術村,李孝石文化藝術村是一個可以看到加山李孝石的生活和文學世界的地方，尤其是李孝石文學館包括李孝石文學展示室，可以參觀各種文學作品的文學教室和策展人實驗室。文學展覽館的設計使他可以隨著時間的流逝看到自己的生活和文學世界，並通過重新創建的創作室，舊邦平市場的樣板，處理文學和生活的錄像以及兒童錄像來準備各種體驗。此外，在文學教室中，您可以觀看各種視頻和文學活動，策展人研究室準備與李孝石相關的各種資料，以深入研究他的文學世界。此外，李孝石文化藝術村不僅擁有李孝石文學博物館，還擁有夢想中的花園，在這裡您可以感受到四個戶外季節的驢廣場和月光廣場的自然風光。這裡有一個小圖書館，咖啡廳和紀念品商店，您可以在其中欣賞李孝石的回憶和回憶。,江原道平昌郡奉平面昌東里544-3,停車場有250個停車位,洗手間,,,李孝石文學堂（紀念館+資料展示館）+孝石月光山+孝石的故居修復館+文學林（建築物）,
馬赫生態旅遊,"由Mahari Maindong區和Mahari Munhui村區組成，您可以在白雲洞體驗生態旅遊。此外，還建設了停車場和管理處等公共便利設施，休息餐廳，商店，購物中心，自然學習中心等住宿設施以及冥想花園等休閒文化設施。",江原道平昌郡米坦面馬哈里的整個地區,停車場有199個停車位,停車場,,,生態住房廳+冥想花園+尤爾廣場+自然研究中心+丹蘇旺+山地研究中心+廣場+露營地,
藝術之地度假村,"韓國最大的主題型3D特技藝術博物館，所有房間均享有海景和AR體驗，雕塑公園通過+60米的媒體隧道和150米的岩石隧道相遇，而麗水最大的無邊泳池可俯瞰大海，已將自己確立為一個全新的綜合旅遊勝地。 。",全羅南道麗水市都山邑245,沒有停車場,洗手間+美食廣場,,無邊泳池+特技美術館+雕塑公園,,
麗水驛新神橋,"世界上最高的塔樓（270m）比63座建築物高，兩座塔樓之間的距離為1,545m，以紀念忠武公於1545年誕辰。",全羅南道麗水市妙堂洞127-10,沒有停車場,洗手間,,,天文台,辦公室
"忠武ul Temple","1605年（宣祖38），1605年（宣祖38）的東那霸草尹煥（Yungnaebusa Yoon Hwon）為了供奉在Imjin入侵期間去世的宋相hy，在東大門城要塞門附近的農州山建立了宋公祠（Songgong）。它從年度儀式開始。此後，因宣宣使李敏固的要求被傳給忠孝ye，1624年（仁祖2年），松宮改名為忠孝ye。",釜山市東區安雅洞421-313,停車場有10個停車位,諮詢台+洗手間（1棟）+停車場,,,,
海洋自然歷史博物館,釜山海洋自然歷史博物館於1994年6月10日在同奈區Oncheondong的金剛公園開放，是日本首家也是最大的海洋自然歷史博物館。,"釜山市東區Oncheon-dong 13-1",沒有停車場,諮詢台+洗手間,,,,
麻將公園主題公園,這是一個竹林治療空間，可以通過創造性地使用竹林浴進行癒合，並使用maengjongjuk進行保存，結合海洋景觀和環境藝術的景觀恢復，以及使用maengjok粥進行體驗性遊戲恢復。,慶尚南道巨濟市八面面石田裡880-3,停車場有20個停車位,洗手間,,生存體驗中心,盲族森林經驗,
巨濟博物館,巨濟文化基金會的商業機構，這是一家非營利性公司，負責收集，組織和研究巨濟的歷史和數據。,慶尚南道巨濟市玉浦洞1565,停車場有10個停車位,洗手間,,,展覽室,
巨濟市農業發展研究所,農業主題公園，通過研究和推廣適合當地條件的農業技術和當地經濟作物來增加農民的收入，讓城市居民體驗農業領域，迎接時令花卉和溫暖的植物。,慶尚南道巨濟市瑞亭裡855-24,停車場有50個停車位,洗手間,,,展覽室,
巨濟遊艇學校,通過振興遊艇業和擴大海洋休閒運動人口基礎，以及對包括遊艇和帆板運動在內的海洋休閒運動進行徹底教育，擴大遊艇人口,,停車場有25個停車位,洗手間,,,,
巨濟自然休閑林,它被安裝在東部面孤川里海拔565m的120公頃區域中，並在山頂上安裝了天文台，吸引了眾多家庭度假者，他們可以看到巨濟島和大韓民國國家公園的大大小小的島嶼以及奇特形成的岩石的海岸線。,,停車場有50個停車位,洗手間+淋浴間+廚房,,足球場,遠足徑+人行道,
吉多漁村體驗村,"之所以稱其為“ Gyedo村”，是因為在Gajodo西北部的位置之前，海中有一個小島。主要特色產品包括鹹魚，幹an魚和貽貝。",,停車場有10個停車位,洗手間+淋浴間+廚房,,,,
大田漁村體驗村,作為位於面大田裡的大田村，您可以體驗一個潮灘。,慶尚南道巨濟市南面面大大里,停車場有10個停車位,洗手間+淋浴間+廚房,,,,
道場浦漁村體驗村,"Dojangpo村附近有Sinseondae和Wind Hill。這是風景秀麗的熱門旅遊勝地。",,停車場有78個停車位,洗手間+淋浴間+廚房,,,,
雙根漁村體驗村,這是位於山腳下的典型漁村。,,停車場有30個停車位,洗手間+淋浴間+廚房,,,,
海線,這意味著''''''''''體驗設施可以像一隻鳥一樣在Deokpo海灘湛藍的大海上自由而令人興奮地滑​​行。,慶尚南道巨濟市德浦洞81-5,停車場有50個停車位,洗手間,,飛索,,
海洋灣,位於夏天的水上游樂設施巨濟大明度假村內的綜合娛樂設施,"慶尚南道巨濟市Ilun-myeon Sodong-ri 59",停車場有30個停車位,洗手間+淋浴,,,,
順天市青少年培訓中心,水與森林，自然與人融為一體的青年培訓中心,全羅南道順天市西面雲平里774-1,停車場有100個停車位,洗手間,,,,
順天龍歸村,這是一個鄉村傳統主題村，您可以在其中體驗各種有趣的體驗，例如收穫漢服，製作天然蜂蠟，出售漢服和觀看蜜蜂。,全羅南道順天市華面面龍里798-1,停車場有50個停車位,洗手間+主題體驗館+,,,雍容谷,
順天香梅村,"五十多年前，該村種滿了梅花，規模是全國最大的，每到四月，梅花就開始在村子裡盛開，風光似的散佈著李子香氣和雪粉。在通向軍藏村的道路上，將軍清晰可見了將軍在勇馬跳上天空時留下的雍巴爾泰部落（龍腳印）。它講述了這個村莊的悠久歷史。這是來自日本的Taekjong Lee博士在Imun村種植的第一棵洋李，並且在Hyangmaesil村種植最古老的洋李。","全羅南道順天市Woldeung-myeon Gyewol-ri",停車場有42個停車位,體驗館1+住宿大樓1+休息設施1+休息室1,,,,
順天生態村,在山區村莊未被污染的環境中，這是城市中心看不見的生活在一起的地方。,全羅南道順天市聖州邑道亭裡1642-1,停車場有6個停車位,洗手間+問訊處+生態體驗中心+停車場,,,生態體驗中心,
七岔棚前體驗村,"在Geocha Pungbae體驗中心，您可以在2公頃寬的公共水面上體驗各種潮汐生態，例如乘船，捉蛤，捉漆，捉潮汐以及騎潮汐滑梯。",全羅南道順天市Byeolryang-myeon馬山里566-1,停車場有50個停車位,洗手間+淋浴室+單人浴體驗室,,,,商店
納甘民間自然遊樂林,長安城城不僅因其優美的環境而成為理想的休閒場所，而且還有傳統的寺廟，如松光寺和仙寺，以及Juam湖和Sangsa湖，您可以在此欣賞瑞山的落日，順天灣的蘆葦和海灘以及順天灣國家花園。全年都有戲劇集，戲劇集，多爾門公園和安邑城民俗村的各種文化節。,全羅南道順天市南面面南里裡219,停車場有50個停車位,洗手間+烹飪室+淋浴室+民間遊戲體驗中心+森林體驗課,,,,
吳長春紀念館,為慶祝已故的世界著名種鴿吳長春博士誕辰100週年，他以無核西瓜而聞名，是他一生中從事研究活動的地點,"釜山市東區Oncheon-dong 850-48",停車場有2個停車位,洗手間,,,,
張永實科學園,2009年6月16日至2009年10月15日，世界上18種最古老的18種天文儀器是由朝鮮朝鮮世宗國王的最佳科學家張英實（Dongnae）製造的，其中有19種是18世紀的天文儀器。整個完成了項目。,釜山市東區北川洞1-2,停車場有50個停車位,洗手間（2建築物）,,,,
車靜公園的故鄉,抗日獨立運動積極分子，朝鮮婦女解放運動的先驅者車靜公園的丈夫金元峰的社會主義傾向使樸察靜的出生地恢復計劃得到軍政府的重視。它於1995年解放40週年之際獲得民政部頒發的“韓國獨立紀念章”十年，於2005年7月8日完成。,釜山市東區芝山洞319-1,沒有停車場,,,,,
金剛公園,茂密的森林，奇異的懸崖和清澈的溪流流過每個山谷，讓您有一種進入仙人嶺的感覺，而作為從春天到冬天不斷擁擠的鄰里公園，它是所有年齡段的人都喜歡休憩的地方。,"釜山市東區Oncheon-dong 291-1",停車場有216個停車位,管理處+洗手間+停車場,,,,
許Sim清,"Heo Simcheong是一種新型的城市溫泉養生之地，與傳統的遊樂設施不同，它試圖通過舒適和令人愉悅的溫泉沐浴，放鬆和身體健康來促進健康。","釜山市東區Oncheon-dong 137",停車場有200個停車位,諮詢台+洗手間+停車場,,,,
釜山博物館,作為展示釜山從三國時期到三國時期的歷史的考古博物館，它展示了169具遺骸，各種陶器和鐵器以及通過七次挖掘發現的其他文物。,釜山市東區北川洞16-5,停車場有30個停車位,諮詢台+洗手間+停車場,,,,
松山高爾夫球場,充滿動感和戲劇性的27洞球場，與聆聽自然風光和濃郁的森林氣息相得益彰,全羅南道順天市關面面吉里20-2,停車場有300個停車位,會所+更衣室+桑拿,,27洞,,
湖山高爾夫球場,在多的溫暖氣候下，一年四季都能在綠草如茵的草地上圓夢的領域,全羅南道順天市Juam-myeon行政區1,停車場有400個停車位,會所+更衣室+桑拿,,36孔,,
順天鄉村俱樂部,這是道最好的療養高爾夫球場，擁有美麗的自然景觀，您可以一邊享受高爾夫一邊俯瞰順天灣，麗水和高興的沿海海洋。,全羅南道順天市Byeolryang-myeon竹山里447,停車場有150個停車位,高爾夫球場,,,,
布英鄉村俱樂部,一個18洞球場的鄉村俱樂部，採用大自然友好的設計，位於市中心附近，可隨時使用。,全羅南道順天市海龍面新大里1043,停車場有150個停車位,自動取款機,,高爾夫練習場,,
繪畫書圖書館,圖畫書展覽和木偶劇院體驗,全羅南道順天市東河洞176,停車場有20個停車位,洗手間+護理室,,,木偶劇院,
長安城城,尤城是朝鮮王朝的標誌性規劃城市，居民實際上居住在韓國代表性民俗村302號歷史遺址（1983年6月14日）中，該世界遺產被列入世界文化遺產臨時名錄（2011年3月29日）,全羅南道順天市洞內裡437-1,停車場有565個停車位,停車場+洗手間+飲水機+售票處+遊客諮詢中心+展覽館+體驗中心+博物館+交通管制處,,,,
戲劇工作室,順天市話劇射擊中心於2006年開放，在1960年代和1980年代每個時期都由三個村莊組成（185個），並且組織了7080場復古體驗計劃，以不斷增加遊客數量。,全羅南道順天市九里洞22,停車場有170個停車位,洗手間+護理室,,音樂音樂+藍色+音樂+音樂+音樂+音樂,孫陽劇院+聖約堂,
根深蒂固的樹木博物館,"根深蒂固的樹木博物館於2011年開放，這裡陳列並保存了已故的《根深蒂固的樹木》創始人韓昌吉博士收集的6,500件文物。",全羅南道順天市南面面南里裡219,停車場有40個停車位,博物館庇護所+行李寄存+售票處+問訊處,,,,
松光寺,歷史悠久的療愈神廟,全羅南道順天市松光面新平里12,停車場有300個停車位,庇護,,,,
七am-ji,Seonamsa寺是韓國著名的寺廟之一，於2018年被聯合國教科文組織列為世界遺產，是湖著名的山嶽山（Jogyesan，884M）中保存最完好的韓國古廟。,全羅南道順天市城邑邑十七里802,停車場有330個停車位,洗手間+售票處+停車場+鐘路辦事處（信息中心）+紀念品商店（Seongakdang+金剛書店）,,,佛教大學+聖殿住宿,
龍山湖旅遊勝地,"它是圍繞榮山湖建造的度假勝地，榮山湖是在1981年Youngsan River的Hagutduk建成後創建的人工湖。",全羅南道靈巖郡三合邑納布爾里的整個區域,停車場有375個停車位,管理室+洗手間（8棟）+停車場,,騎馬場,農業博物館+水稻文化主題公園,
馬漢文化,通過了解分佈在永山河流域的古代翁灣古墓，以獨特的方式照亮龍山河流域的古代歷史,全羅南道靈巖郡世宗面奧谷裡956,停車場有85個停車位,訪客中心+洗手間（3座建築物）+停車場,,棒球場,天文台土墩探索廳,
城宜洞,城邑洞被認為是王仁博士的發源地，與王仁博士的歷史遺跡一起，散佈著與王仁博士相關的旅游資源，例如發源地，文山齋，梁山齋，大山浦和鄭公。萬寧文化節於每年四月舉行，您可以享受各種體驗和觀賞。,"全羅南道靈巖郡群西面東姑里里San 18",停車場有860個停車位,訪客中心+洗手間（9座建築物）+停車場,,,第二展廳,
生態村青年飛行員,韓國最早的傳統韓式青年旅舍位於世界五大沿海濕地之一順天灣和順天花園附近，順天花園在2013年給人留下了深刻的印象。,全羅南道順天市海龍面大安里1055-9,停車場有45個停車位,洗手間,,摔角,,生態廳+生態廳+餐廳+自炊式設施
順天自然休閑林,順天自然休養林于2011年開業，是一種針葉林，富含植物殺菌素，步道並不長，而且大多數都是平坦的，因此任何年齡段的人都可以治愈。,"全羅南道順天市西面雲平里San 160",停車場有80個停車位,洗手間+廚房+淋浴,,,森林療養院+嬰兒森林體驗中心,管理處
基督教歷史博物館,順天市基督教歷史博物館擁有100年的湖基督教歷史，是一家公共博物館，通過各種文物和視頻傳達了朝鮮基督教傳教的歷史。,全羅南道順天市前關洞179-10,停車場有4個停車位,小圖書館+問訊處,,,,
勝州高爾夫球場,"它是會員制高爾夫球場，全長9,682m，有27個洞，分佈在東，和中三個球場上，在廣闊的土地上可以俯瞰順天灣和63萬坪的平壤。","全羅南道順天市桑沙面大谷裡San 177",停車場有400個停車位,停車場,,,,
大加耶生活村,"這是一個大加耶生活村，經過重製，您可以根據歷史證據和現代想像力了解大加耶歷史和文化的過去，現在和未來。在Daegaya生活村，您可以在介紹性大劇院視頻影片中了解Daegaya的陶器文化和貿易商品，該劇院將引導您進入Daegaya時代的Injul村，在那裡您可以體驗Daegaya的代表性鐵器文化。在Sanggarado池塘的Gol'an村，您可以在Menaritgol的Daegaya登上傳統渡輪，在那裡您可以享受VR戰士體驗，在夏天可以在涼爽的水中玩水上樂園，並且可以作為Daegaya Season的探險隊成員前往探險的哈吉湖。這裡有Jusanseong展覽館，這是一個由瓦村和茅草村Hangi村組成的住宿設施，您可以在一處享受學習體驗和觀光住宿。",慶尚北道高靈郡大谷邑邑果裡658,停車場有198個停車位,管理室1層（售票處）+顧客庇護所（1層）+護理室（2層）+紀念品商店（1層）+公共洗手間（3層）+文化和旅遊信息中心和服裝體驗區（1層）+1個池塘+1個兒童遊樂場+1個遊樂設施+3個展廳,,VR體驗中心+大加谷摩順體驗中心,,
大加耶歷史主題旅遊道德,這是一個以大加耶歷史為主題的旅遊勝地，如盛開的大加耶的陶器和鐵器，以及蓋亞古姆文化。有展示廳，您可以在其中了解大加耶和大加耶步道，還有一個鐵路雪橇場和一個供兒童玩耍的水上游樂場。,慶尚北道高靈郡大谷邑邑三山里471-1,停車場有178個停車位,管理室（售票處）和紀念品商店1棟+護理室（1棟）+公共洗手間（2棟）+文化和旅遊信息中心（1棟）+1池塘1虁虁虁虁虁處+音樂噴泉,,軌道雪橇範圍（6車道+80m）+VR體驗中心,1個小型電影院（2個劇院+總共99個座位）,
布利旅遊區,在以洛東河為中心的綠色增長時代，這是一個新的濱江文化旅遊勝地。這裡有五人制足球場和籃球場，大篷車設施和單車旅遊車等運動場所，因此您可以享受健康有趣的經歷並保持在一起。,慶尚北道高靈郡雨谷面葉谷裡97,停車場有29個停車位,管理室（售票處）1棟建築物+水槽+室外飲水機,,五人制足球場+籃球場+人造岩牆,,
順天灣國家花園,韓國的生態城市順天市為世界上五大沿海濕地之一順天灣濕地的港口保護創建了一個花園，並舉辦了2013年順天灣國際花園博覽會。從那時起，順天灣國家花園被指定為第一個國家花園，已成為韓國花園文化產業的聖地。,"全羅南道順天市Ocheon-dong 600",停車場有3530個停車位,取款處+醫療中心+醫療中心+醫療習中心+譗式迒迒差處+綜合信息中心+售票處+護所差差票處+護所差家差家收容所,,摩天輪+天空立方+野生動物園+世界服裝體驗中心+優勝者的自行車體驗+圖像油畫體驗,潮灘表演廳+龍虫畫廊+龍蟲圖書館+東方醫學體驗中心,小型會議室+會議廳+立體視頻劇院+
順天灣濕地,順天灣共發現遷徙鳥類230種，其中海水面積超過75度，潮灘面積為22.6度，巨大的蘆葦群落為5.4度，還有黑白鶴，黃嘴spoon，天鵝和黑頭珩科鳥。順天灣約佔韓國鳥類總數的一半，於2003年成為濕地保護區，2006年在《拉姆薩爾公約》中註冊，並於2008年被指定為國家風景名勝區41號文化財產，潮汐生物如農家蟹，辣椒蟹和潮水魚和諧共處。,全羅南道順天市大田洞162-2,停車場有600個停車位,順天灣避難所+手工藝品及特產中心+信息中心+嬰兒推車租賃+批量生產租賃,,順天灣蘆葦場龍山天文台,順天文學館+體驗船+順天灣歷史館+自然生態館,
翁達爾旅遊理論,翁達爾旅遊勝地,忠清北道丹陽郡永春面海裡147,停車場有265個停車位,洗手間+停車場,,劇集+達爾洞,翁達爾展覽館,
南島島,島上海灘與清澈的海水,,停車場有150個停車位,公共洗手間+表演廳+天文台,,,,
天洞旅遊景點,天洞旅遊景點,忠清北道丹陽郡丹陽邑天洞裡201號,停車場有80個停車位,洗手間+停車場,,水上樂園+天洞洞,,
達里安旅遊景點,達里安旅遊景點,忠清北道丹陽郡丹陽邑天洞裡409,停車場有155個停車位,洗手間+停車場,,旺達馬克+露營地+建築物房屋+露營地,,
三井湖,從白根山流下的清澈的水形成山谷，風景秀麗。,京畿道抱川市永北面三井裡451-3,停車場有500個停車位,管理室+洗手間+停車場,,,,
白雲谷,這是一個位於明城山下的湖泊，風景十分優美，秋天有銀草的壯觀。,京畿道抱川市東面多平里地區,停車場有100個停車位,管理室+洗手間+停車場,,,,
O世界,整個家庭都可以通過“菊地+花地+歡樂地”的複雜組合享受的主題公園*容納人數：無限制,大田中區沙井洞142,停車場有1545個停車位,嬰兒車租賃+護理室+醫務室+客戶支持中心+儲藏室,,鳥樂園+歡樂樂園+花樂園+附加遊樂設施,快樂的庇護所,
根園,作為該國唯一的孝順主題公園，山地體驗教育中心配有各種設施，例如可以恢復根源的按性別劃分的雕塑，水邊舞台，天文台和森林浴。*能力：無限制,大田市中區千山洞364,停車場有447個停車位,觀光問訊處+護理室,,射箭,城堡雕塑+露營地+韓國族譜博物館等,
根園,作為該國唯一的孝順主題公園，山地體驗教育中心配有各種設施，例如可以恢復根源的按性別劃分的雕塑，水邊舞台，天文台和森林浴。*能力：無限制,大田市中區千山洞364,停車場有447個停車位,觀光問訊處+護理室,,射箭,城堡雕塑+露營地+韓國族譜博物館等,
根園,,大田市中區千山洞364,停車場有447個停車位,,,,,
根園,,大田市中區千山洞364,停車場有447個停車位,,,,,
水族館,韓國第一個也是最大的淡水魚水族館，它是改造大田市區天然洞穴的水族館，該水族館被用作地下防空洞，為戰爭做準備*容量：無限制,大田中區大沙洞198-14,停車場有300個停車位,輪椅+嬰兒車租賃+存放+護理室+客戶支持中心,,,水族館+體驗動物園,
霍米格旅遊綜合體,看看Homigot的景色,慶尚北道浦項市南區孝美面面大武里286-5,停車場有223個停車位,公共洗手間+草坪,,,,
千葉縣旅遊景點,您會看到Seonbawi岩石，看起來像是由岩石雕刻而成，中間有懸崖和河流。,,停車場有70個停車位,洗手間+停車場+文化觀光解說員候車室,,,戶外表演廳+盆景高級野生動物主題公園+紅辣椒推廣展覽廳等,
龍和海邊旅遊,"它擁有自然景觀，並建立了現有的旅遊基礎設施，例如附近的Oryukdo Skywarg。","釜山南區龍虎洞San 205區域",停車場有969個停車位,969個停車位,,,游泳池,
莊山觀光景點,"由於其美麗的秋天樹葉，自古以來就被稱為京畿道的Sogeumgang，並設有Jaejaeam Wonhyo Falls之類的旅遊景點。","京畿道東豆川市上本岩洞San 1-1",停車場有500個停車位,管理處+停車場+洗手間,,,露營地+自由與和平博物館+京海軍道北兒童博物館,
Hoesangnaru旅遊勝地,通過對洛洞河Hoesangnaru的新詮釋和重製，創建了以朱馬和Yewwon為基礎的傳統韓屋建造的朱馬村，蓋州村和那洞河文學博物館，為遊客提供了便利。,慶尚北道尚州市中東面會上里764,停車場有159個停車位,管理辦公室+停車場+洗手間（2棟建築物）+水和污水,,鶴（候鳥）天文台,文學博物館,
陽谷自然生態公園（生態植物園，DMZ野生花卉園，DMZ野生動物生態中心）,用五種感官可以感受和體驗所有自然生態的地方,江原道陽谷郡東面萬丹裡180號,停車場有50個停車位,洗手間+停車場,,,,
Ganjeolgot公園,朝鮮半島首次日出的代表性地點,蔚山蔚山郡西生面大成裡2,停車場有580個停車位,停車場+洗手間,,海濱長廊+咖啡廳,Ganjeolgot戲劇院+Somang郵箱,
聯合公園,韓國第一個在地下室中首次安裝了廢物處理設施和污水處理設施，因為由於現有的老化焚燒廠，回收隔離廠，食物廢物處理廠，中轉抽水廠以及房屋場地開發項目（如三佐區）的改進，需要擴大基本的環境設施這是一個新概念的環境基礎設施。地下室設有焚燒處理設施，回收分類設施，食品回收設施和污水處理設施，地面上還有各種居民友好型設施，例如草地廣場，兒童水上游樂設施，多功能體育館和戶外運動設施。安裝了Hanam聯合塔（105m），可以全景欣賞Hanam美麗的風景，例如Geomdansan山。,京畿道華南市新江洞27號,停車場有237個停車位,道路+停車場+管理處+洗手間,,多功能體育館+網球場+足球場+籃球場等,聯合塔+戶外舞台,
光州良行,作為高麗時代和朝鮮時代的教育機構，這裡是留學和人才培養的地方,京畿道花南市橋山洞227-3,停車場有45個停車位,公共洗手間,,,,
伊城山城,新羅時期的堡壘，據信由新羅在六世紀中葉建造,京畿道華南市忠公洞36號山,停車場有35個停車位,停車場+洗手間+公園,,,,
穆倫河谷,據說由神靈演奏的Mureung谷風景區，也稱為Mureungdowon，是由Doota山和Cheongok山組成的山谷。,"江原道東海市三花洞San 267-3",停車場有520個停車位,管理處（1）+停車場（3）+淋浴（2）+洗手間（4）+遊客問訊處（1）+電力設施+通訊設施+水和污水處理設施,,,,管理處
妄想,在海灘和汽車露營勝地，您可以感受到干淨的白色沙灘和湛藍的大海，清爽的海風以及廣闊的地平線，陽光直射在您面前。,江原道東海市芒上洞393-11,停車場有1000個停車位,管理辦公室（3）+停車場（6）+淋浴（2）+洗手間（5）+旅遊信息中心（1）+電氣設施+通訊設施+水和污水處理設施,,足球場,露營地+韓屋體驗+海灘,管理處
上午,以國歌第一節為背景而聞名的Chotdaebawi岩石是各種奇特的岩石融為一體的地方，早晨的日出非常壯觀，使其成為遊客最喜歡的日出地點。,江原道東海市川洞1,停車場有331個停車位,管理辦公室（1）+停車場（2）+淋浴（1）+洗手間（2）+遊客問訊處（1）+電力設施+通訊設施+水和污水處理設施,,,露營地+鄰里公園+海灘,管理處
金馬市旅遊景點,益山西洞公園區,全羅北道益山市錦麻麵東國道534-3,停車場有451個停車位,廣場+信息設施+洗手間+停車場+會議室,,娛樂設施+傳統遊樂場,表演廳+景觀休息區+公園+文化廳+文物展覽會設施+花卉園+魔術花園+白雪川+草廣場+西陵宣化故事花農陵宣化故事花心園+週關,
Mireuksaji旅遊勝地,Mireuksaji寺遺址和展覽室,全羅北道益山市錦麻麵紀央裡104-1,停車場有150個停車位,停車場+廣場+信息中心+洗手間,,,傳統餐廳+紀念品商店,
皇宮珠寶主題景點,益山珠寶博物館,全羅北道益山市王宮面東永裡541-1,停車場有236個停車位,停車場+廣場+遊客諮詢設施,,操場,珠寶博物館+會展展覽館+恐龍主題公園+野餐廳+其他+展覽銷售中心+餐廳+銷售設施,
翁浦市旅遊景點,"Ungpo Gomgaenaru和露營區",全羅北道益山市雲浦面雲浦裡727,停車場有100個停車位,停車場+洗手間+淋浴+廚房和飲水器,,高爾夫球場+遊樂場+拉雪橇,文化中心+露營地+青年訓練設施+露營地+自然學習中心+高爾夫球練習場,
刀太淵,來自金剛山的水流與山谷匯合形成一個小瀑布，指的是在其下建立的寬闊的牛群。,江原道陽谷郡邦善面高邦山里1024,停車場有50個停車位,洗手間+停車場,,,,
朝鮮半島島,縮小朝鮮半島地形的島嶼,江原道陽谷郡陽谷邑大田裡649-1,停車場有100個停車位,洗手間+停車場,,法魯湖水路那魯（Naru）：獨木舟+皮划艇+冠軍自行車+我的船可用,,
乙支天文台,"從海拔1,049m的DMZ圍牆頂部，您可以一眼看到兩個朝鮮之間的對抗局勢。",江原道陽谷郡海面面胡里621,停車場有20個停車位,洗手間+停車場,,,,
隧道4,"成立於1990年2月3日，距軍事分界線1,028米",江原道陽谷郡海面面利賢里743,停車場有40個停車位,洗手間+停車場,,,保安展廳,
國家土地管理局中央天文台,2007年5月31日開業，建在國家土地管理中心附近，可欣賞韓國中部的天空,"江原道陽谷郡南面Dochon-ri 96-5",停車場有55個停車位,洗手間+停車場,,,臨時+展覽室+天文投影室+圖像廳,
世界武術公園,創建一個主題旅遊勝地，推廣武術聖地忠州，並作為忠州湖地區的旅遊基地,忠清北道忠州市錦陵洞601,停車場有718個停車位,綜合信息中心+停車場+道路+室外洗手間,,多拉瑪茲花園+拉巴土地+兒童遊樂設施,世界武術博物館戶外表演廳,
忠州湖體驗,創建歷史文化與濱水空間融為一體的體驗型旅遊勝地/創建水濱休閒設施和生態環境的和諧體驗的水濱休閒學習空間/創建國際水上休閒運動綜合體以振興水上休閒,忠清北道忠州市中江塔面八平里545-1,停車場有285個停車位,停車場+道路+洗手間,,中央塔公園碼頭中心大看台,忠州博物館豐琉文化中心露營地,
娘惹溫泉,將中原遺跡，忠州湖畔旅遊等周邊旅游資源與中部地區唯一的碳酸溫泉資源相結合，打造綜合溫泉度假村,忠清北道忠州市安城面娘岩里14-1,停車場有100個停車位,,,,,
雁蕩山國家旅遊局,以雁蕩湖為背景，有雁蕩湖的搖擺橋，雁蕩湖的雕塑公園，緩緩的湖面小路，露營地和露營地，因此家庭度假者可以盡情享受。,,停車場有185個停車位,管理室+洗手間（6棟）+停車場,,,,
Byeogye露營地,周圍風景優美，有水上運動場，表演廳和篝火場。,,停車場有90個停車位,洗手間+停車場+電力設備+通訊設備+水上游樂場+表演廳,,,,
Sapgyoho旅遊景點,一目了然的西海大橋，湖泊和大海的地方,,停車場有728個停車位,公共洗手間+主題科學博物館+附近公園,,,,
Waemok村旅遊景點,西海最好的日出日落觀景點,,停車場有150個停車位,公共洗手間+表演廳+天文台,,,,
高石正,"高士亭（Goseokjeong）於1977年被指定為國家級旅遊勝地，是位於韓國漢坦河中部的九原風景區之一，是韓國唯一的中部高聳的10m高岩層特有的玄武岩噴發地。圖例正在傳遞。吉克當瀑布（Jiktang Falls）位於這個地方的上游約2公里，順丹（Sundam）位於下游的約2公里，那裡有寬闊的草坪廣場和娛樂設施，因此遊客們總是喜歡它。此外，這裡設有設施管理辦公室，是您享受安全旅行的最佳旅遊場所。",江原道天原郡東城邑長興里20-1,停車場有628個停車位,設施管理室+停車場+洗手間+售票處+污水處理廠+道路和廣場+林國峰+噴泉遊客諮詢中心+遊客諮詢中心,,多功能會議室+綜合遊樂設施,草地廣場+涼亭+天原旅遊問詢處+農業展覽館+八卦亭+生態步道,旅遊諮詢中心
直接洗澡,"這是漢灘河的上游地區，擁有自然環境，這裡是吉克當瀑布（Jiktang Falls）由懸崖組成的地方，其垂直降落在整個河上80m。 ，Maeuntang以其天然味道而聞名。它也是被指定為漢灘河國家地質公園的地質景點。",江原道天原郡高邑邑上沙裡裡552,停車場有192個停車位,道路+停車場+洗手間+步道+自行車道+污水處理廠+管理處,,,,
真哈海岸,蔚山的代表性海灘，淺水和平靜的海浪，適合家庭沐浴,蔚山蔚山郡西生面神哈里307-2,停車場有300個停車位,淋浴房+洗手間,,海濱長廊+水上運動,咖啡廳+餐廳,鎮海行政志願辦公室
嶺南阿爾卑斯山綜合遊客中心,"烏留（Ulju）西部的1,000m高山可與歐洲阿爾卑斯山媲美，因此有許多徒步旅行者參觀",蔚山蔚山郡尚北面登德阿爾卑斯山里515-4,停車場有5000個停車位,洗手間+信息中心,,電影院+攀岩中心,電影院+咖啡廳,靈阿爾卑斯山歡迎中心
"Oegosan Onggi村",您可以看到美國最大的陶器商店建築工地，製陶車間以及其中的窯爐。,蔚山蔚山郡安陽邑五山里501-18,停車場有500個停車位,洗手間+信息中心,,小徑+兒童遊樂場,翁吉博物館+民俗博物館,
半球大岩畫,這是一幅刻在Taehwa河支流Daegokcheon寬10m，高3m的岩石上的照片，似乎是新石器時代到幾個時代的產物。,蔚山市蔚州市郡永陽邑大國里991,停車場有200個停車位,岩畫博物館+停車場,,落後,班固大學農家樂,旅遊諮詢中心
Jakgwacheon,"之所以稱其為“ Jakgwacheon”，是因為經過長時間的波浪切割，數百坪的岩石形狀像水杯一樣，四季都流淌著清澈的水。",蔚山蔚山郡尚北面登德阿爾卑斯山里18-2,停車場有2000個停車位,淋浴房+給水+洗手間,,露營地+步道,扎川亭+露營地,
大雲山那原南谷,在深deep而清新的山谷中，有美麗的池塘和瀑布，還有一些您想躺下的未開采的岩石。,蔚山蔚山郡安陽邑雲花里1312,停車場有500個停車位,洗手間+停車場,,,長廊+以此,
金浦國際雕塑公園,這是一個以統一為主題的主題公園，展示了約30座世界一流的雕塑。沿著長廊陳列著雕塑作品，因此您可以在享受森林沐浴的同時欣賞雕塑。,"京畿道金浦市月got面Gomak-ri 82-1",停車場有221個停車位,月桂面辦公室,,,蒙蘇山森林沐浴,
藝術村（韓屋村）,金浦市藝術村位於金浦市雲陽洞的Modamsan山腳下，是一個自然友好的文化和藝術空間，您可以在此感受到Modamsan提供的自然之美。藝術中心是文化和藝術團體的創意活動場所，設有多功能廳，展覽廳和與自然融為一體的戶外表演廳，可容納數千名觀眾。,京畿道金浦市雲陽洞1325-1,停車場有142個停車位,洗手間+停車場,,傳統遊戲體驗,韓屋村+文化中心+咖啡廳+車間+花店+,
布爾加普薩旅遊景點,它是Bulgapsa地區的旅遊勝地，該地區有著悠久的佛教文化歷史和美麗的自然風光，並提供了一個休息空間來積極響應旅遊需求。,全羅南道靈光郡寶格面面莫克里408-2,停車場有3400個停車位,遊客諮詢中心（3504889）,,,,
鯨魚火旅遊點,"自然資源極佳的旅遊勝地，例如長8公里的高品質沙灘，稱為Myeongsa 20ri，以及優良的松樹林。",慶尚北道永德郡平谷面平谷裡72-8,停車場有1000個停車位,管理辦公室（2樓）+停車場+洗手間（6樓）+淋浴（5樓）+避暑勝地+烹飪樓（4樓）,,沙灘排球場+自行車租賃店+五人制足球場+健身設施,營地+培訓中心,
金鳳山公園,這是大都市區唯一一個由保護海上52年，於2006年12月退役的登陸船（未裝船）建造的船舶公園，您可以在船上享受各種展覽和體驗。,京畿道金浦市大草面大明里551-1,停車場有100個停車位,大草面行政福利中心,,,,
德樸鎮,它是由一對在小學任教的老師所建立的私人博物館，舉辦了使用舊教科書，椅子和椅子的音樂課，並保存了這些藏品。,京畿道金浦市大草面新南里232-1,停車場有10個停車位,大前面辦公室,,,,
德樸鎮教育博物館,它是由一對在小學任教的老師所建立的私人博物館，舉辦了使用舊教科書，椅子和椅子的音樂課，並保存了這些藏品。,京畿道金浦市大草面新南里232-1,停車場有10個停車位,大前面辦公室,,,,
茶道博物館,這是一個複雜的藝術空間，設有茶道展示廳，雕塑公園，茶道體驗中心，池塘，涼亭和三層樓的草廣場，您可以在其中體驗茶道，傳統禮節和與自然和諧相處的民間遊戲。,京畿道金浦市月got面Gaegok-ri,停車場有50個停車位,月桂面辦公室,,,,
朱門津海濱旅遊區,朱門津海灘旅遊區,江原道江陵市菊門鎮邑鳳湖里8-22,停車場有250個停車位,洗手間+停車場+淋浴,,,學院培訓學院,
靈閣海灘旅遊區,靈閣海灘旅遊區,江原道江陵市靈谷面東德里99-13,停車場有120個停車位,管理辦公室+洗手間+停車場+淋浴,,,,
東明海灘旅遊道德,東明海灘旅遊勝地,江原道江陵市江東面正東津裡440-41區,停車場有120個停車位,洗手間+停車場,,軌道自行車,正東津時間博物館,
靜壽,全羅道文化財產資料,全羅南道市南州市錦溪洞33-18,停車場有100個停車位,,,,靜壽,
大關嶺Euhli旅遊勝地,城山面大關嶺,"江原道江陵市城山面Euhle-ri 508區",沒有停車場,洗手間+停車場,,,大關嶺博物館,
早上礦泉水旅遊勝地,Yaksutang位於Simsan山谷中，位於Seondal山和Okseok山下方的深谷中，從遠古時代開始，Yaksutang在胃腸道疾病和皮膚病方面很有效。,慶尚北道奉化郡穆利亞面安里95-35,停車場有500個停車位,管理辦公室+洗手間+水和污水處理設施+停車場,,,,
大德藥草旅遊景點,過去，有20棵樹下有礦泉水，因此對胃腸道疾病和皮膚病有效。,"慶尚北道奉化郡奉城面Ugok-ri 505-5",停車場有120個停車位,管理處+洗手間+停車場,,,,
江陵旅遊景點,它位於首爾江和三山川匯合處，因此您可以欣賞自然風光和登山。,江原道原州市吉井面江玄裡1056-5,停車場有268個停車位,管理辦公室+停車場+洗手間+淋浴,,五人制足球場+足球場,露營地+表演廳+培訓中心,
新正鎬國家旅遊景點,Shinjeongho是一個人工湖，創建於1926年，淨水面積為92ha，用於供應農業用水。,忠清南道牙山市邦楚洞5號,停車場有670個停車位,管理室+洗手間+停車場+變電站,,,,
牙山溫泉旅遊區,"自1987年被發現並於1991年被指定為旅遊勝地以來，自2001年主題溫泉設施Asan Spavis開業以來，Asan Onsen便廣受歡迎。它是一種弱鹼性溫泉，含有20種對人體有益的成分。",忠清南道牙山市安邦面新水里292-6,停車場有350個停車位,管理室+洗手間+停車場+綜合廣場,,,,
牙山溫泉旅遊區,"自1987年被發現並於1991年被指定為旅遊勝地以來，自2001年主題溫泉設施Asan Spavis開業以來，Asan Onsen便廣受歡迎。它是一種弱鹼性溫泉，含有20種對人體有益的成分。",,停車場有350個停車位,管理室+洗手間+停車場+綜合廣場,,,,
牙山溫泉旅遊區,"峨山溫泉是一種鹼性碳酸氫鈉溫泉綜合體，於1987年被發現，並於1991年被指定為旅遊勝地。代表性的溫泉綜合體是帶有公共溫泉浴池的Asan溫泉，以及帶有溫泉水游樂設施和水處理設施的Asan Spa Bis。",忠清南道牙山市安邦面新水里292-6,停車場有300個停車位,停車場+公園+住宿等,,,,
牙山溫泉旅遊區,"峨山溫泉是一種鹼性碳酸氫鈉溫泉綜合體，於1987年被發現，並於1991年被指定為旅遊勝地。代表性的溫泉綜合體是帶有公共溫泉浴池的Asan溫泉，以及帶有溫泉水游樂設施和水處理設施的Asan Spa Bis。",,停車場有300個停車位,停車場+公園+住宿等,,,,
頭髮,保忠比是一位關心國家和對抗的宣教大使的自然經驗。,,停車場有50個停車位,洗手間,,,,
葉林西媛,"Yerim Seowon是一所針對年輕學生的教育機構，這些學生過去居住在Yeongnam Yurim的金正吉（Jim Jongjik）Jeom Piljae。",,停車場有50個停車位,洗手間,,,,
青島新華郎豐龍村,一個體驗式的綜合旅遊綜合體，創造了世界五國的精神,慶尚北道清道郡雲門面加井裡89,停車場有219個停車位,停車場+洗手間,,華蘭精神發展紀念館+美術館副館體驗區+冥想室等,營業時間：09：00〜18：00,
塞繆爾運動思想紀念公園,6070年代的生活展覽，體驗和教育,慶尚北道清道郡清道邑清道邑新都裡18-2,停車場有100個停車位,紀念館+公園,,Saemaeul廣場+主題公園+紀念館等,營業時間：09:30〜17:30,
青島鬥牛場,發展傳統民俗文化青島鬥牛作為文化旅遊產品,慶尚北道清道郡華安邑三新里693-2,停車場有850個停車位,醫療室+護理室+餐廳+新手客戶諮詢室+綜合諮詢中心,,鬥牛（12場比賽）,營業時間：11：00〜結束（每個星期六和星期日營業）,
紅酒隧道,一直被忽視的隧道得以維護，並被用作儲存甜葡萄酒和葡萄酒咖啡館的儲藏室。,"慶尚北道青道郡華安邑松錦裡San 121",停車場有100個停車位,洗手間,,畫廊參觀+Sowonji+發光隧道,營業時間：09:30〜19:00（平日）+09:30〜20:00（週末）,
普羅旺斯照片樂園,法國普羅旺斯村莊昇華為節日,慶尚北道青道郡華安邑三新里877,停車場有300個停車位,,,星光童話村+燈光節+攝影地,平日：16：00〜21：30+七夕節：12：00〜22：30+週日及節假日：11：00〜22：00,
麗水海上纜車,它是韓國第一條航程為1.5公里的海上纜車，連接麗水都山和Jasan公園，並運營著15個透明地板的水晶艙（5人座）和35個普通艙（8人座），總共50輛車。您可以驚險刺激地欣賞群島和麗水海的夜景。,全羅南道麗水市蘇井洞332-57,停車場有244個停車位,洗手間,,幻想藝術博物館,音樂廳,辦公室
麗水世界博覽會,這不是成功舉辦2012年麗水世博會的地方，它不是一個簡單的公園，而是一個全天候的複雜文化體驗綜合體，您可以一站式享受從旅游到商務的樂趣。,2005，全羅南道麗水市德中洞,停車場有1909個停車位,洗手間,,"Skyfly+Aqua Planet+泰迪熊世界博物館+Big O Show",世博紀念館+世博紀念館,辦公室
麗水海洋公園,"這是一條沿著海岸線長1.5公里的市民公園區，是享受美麗的夜宿尤蘇（Yeosu）海的最佳休息地。這是一門必不可少的約會課程，您可以在黑海燈塔，海洋纜車，Dolsan橋，Turtle Seon橋和Janggundo島一覽無餘，在夜海中漫步，此外，還有各種各樣的表演和活動可供參觀。",全羅南道麗水市鐘花洞458-5,停車場有214個停車位,洗手間,,越野車,表演廳+預算,管理處
樂天水上樂園,"韓國最大的水上樂園，可同時容納20,000人，具有太平洋波利尼西亞的概念",慶尚南道金海市新門洞1417,停車場有732個停車位,餐廳+洗手間+停車場+醫療室等,,28種有機設備,,
克萊塔克,世界上第一個專門研究建築陶瓷的博物館,慶尚南道金海市金麗面松亭裡358,停車場有203個停車位,展覽館+體驗館+咖啡店+陶瓷店+洗手間+停車場,,,頂端屋+立方屋+體驗中心,
金海韓屋體驗館,傳統風格簡約，便利的現代便利設施的韓屋體驗中心,慶尚南道金海市奉光洞425-13,停車場有10個停車位,餐廳+洗手間+住宿,,,,
金海國家博物館,1998年7月29日，博物館開幕，匯集了古老國家之一的加雅（Gaya）的文化遺產。,慶尚南道金海市孤山洞232,停車場有194個停車位,展廳+洗手間+停車場等,,,,
盧武yun總統的出生地,"已故總統盧武h（Roh Moohyun）於1946年9月1日出生並居住到八歲的房子，主樓以傳統的茅草房的形式設有兩個房間和一個廚房，下層的房屋則設有穀倉和老式廁所。",慶尚南道金海市振興邑豐山里36,停車場有240個停車位,洗手間+停車場+自助餐廳等,,,,
蘇羅國王墓,Garakguk的創始人金秀路國王的陵墓是金海的象徵性文物。,慶尚南道金海市瑞山洞312,停車場有38個停車位,洗手間+停車場+問訊處等,,,,
布京動物園,可以看到和触摸各種動物的動物園,慶尚南道金海市玉河洞88號,停車場有30個停車位,餐廳+洗手間+停車場等,,,,
德山溫泉旅遊區,它於1917年首次作為使用溫泉的溫泉而開放，被認為是全美最好的溫泉，天然碳酸氫鈉溫泉水的溫度為49攝氏度或更高。,,停車場有350個停車位,遊客諮詢中心+洗手間（2棟）+停車場,,,,
慶安川濕地生態公園,觀賞鳥類和學習自然的地方，例如各種水生植物,京畿道光州市手川面吉吉里456-4,停車場有115個停車位,停車場+洗手間,,,觀鳥+自然學習的地方,
帕當莫福克公園,市民森林，希望森林，宇宙路和精心設計的公園,京畿道光州市南中面桂尾裡596,停車場有300個停車位,停車場+洗手間+公園,,,公民森林+希望森林+波斯菊路等,
貞大Mulbit公園,有玫瑰隧道，蓮花路，拱形木橋等的海濱公園。,京畿道光州市中大洞229,停車場有100個停車位,停車場+洗手間+公園,,,玫瑰隧道+蓮花路+大莫橋等,
三清傳統中醫度假村,可以居住的旅遊景點，如世博主題館，東方醫學博物館，東歸田等。,慶尚南道山清郡錦西面Je裡1300-86,停車場有200個停車位,,,,6處18棟,6個綠色區域
三清中山,可以眺望美麗的自然風光和天王峰的山型旅遊勝地。,慶尚南道三清郡西面面中山里519,停車場有165個停車位,,,1個地方,2地方2棟,
三清錦瑟旅遊景點,一個家庭式的旅遊勝地，可欣賞美麗的自然風光,慶尚南道山清郡錦西面吉馬克里San12,停車場有100個停車位,,,1處2棟,2棟,
Yecheonpori旅遊勝地,內城川的支流與天然石材相匹配，風景秀麗，在忠孝主題公園可以體驗到忠實。,慶尚北道利川郡甘川面波里688,停車場有150個停車位,停車場+洗手間+休息區,,多用途體育場+健身中心+傳統體育場,博物館,
金海加耶主題公園,具有五種感官的主題公園，您可以通過遊戲，體驗和展覽來看到，聽到和感受加雅的歷史。,"慶尚南道金海市Eobang-dong 986",停車場有281個停車位,一般餐廳+洗手間+表演廳+停車場等,,"加雅·穆薩（Gaya Musa）冒險+令人興奮的周期+令人興奮的塔",鐵礦表演廳,
金海那洞河鐵路公園,京田線在連接密陽市的三郎津站和光州市的光州松亭站的地方修建了鐵路自行車，酒窖，火車咖啡館和鐵橋天文台。,"慶尚南道金海市聖寧面Masari 654-4",停車場有210個停車位,觀景台+火車咖啡館+停車場+洗手間等,,那洞崗鐵路自行車,酒洞+鐵橋天文台,
加雅樂園,加雅主題公園對面的冒險遊樂園,慶尚南道金海市三幫洞1391-2,停車場有398個停車位,餐廳+洗手間+停車場+醫療室等,,14種有機設備,,
金海天文台,影市唯一的市民天文台，作為千年紀念計劃的一部分於2002年2月1日開放,慶尚南道金海市尾幫洞San2-80,停車場有13個停車位,辦公室+觀察室+休息室+洗手間+停車場等,,,展覽館+觀察樓,
顧德文化公園,教育歷史廳位於古德山腳下的森林中，是一棟約277平方米的單層木結構建築，舒適的室內展位內展示了640種各種教育材料。,"釜山市西區Seodaeshin-dong 3-ga San 18-15",停車場有16個停車位,洗手間,,,教育歷史廳+民俗生活廳+木石園藝廳+人工瀑布+番白森林冥想徑+多功能廳,
松島沿海走道,連接松島海水浴場和Amnam公園的800公里長，1m寬的松島海岸步行道僅需20分鐘。沿著海濱長廊漫步，欣賞美麗的松島海岸，這裡是無數船隻停泊的地方，還有一億年前由沉積岩形成的Amnam公園，是個不錯的選擇。,釜山市西區安南洞,沒有停車場,,,,天文台等,
大神公園,"1968年2月21日，它被指定為中央社區公園，並以Daishin Park的名義被公眾享用。 （建設部公告第360號）1900年，在Gudeok山和Eomgwang山的山谷中建造了兩個水源，種植了雪松，柏樹和櫻桃樹。是的1944年，水原地區被宣佈為自然公園，但公共通道也受到限制。","釜山市西區Seodaesin-dong 3-ga San 2-3",停車場有110個停車位,洗手間,,體育設施+射箭場等,雕塑+雕塑+雕塑+民間石刻作品等。,
釜山普通魚市場,釜山普通魚市場由五個漁業合作社共同經營。這個地方佔韓國水產品的30/100，是黎明時分拍賣商和海鮮中間商的聚集地。這是一個主要供零售商使用的市場，其缺點是魚種不多，因為它不具有出售生魚的活魚儲藏室的形狀。每天的假冒能力為2800至3200噸。,釜山市西區南富民洞691-3,停車場有482個停車位,洗手間,,,,
天馬山雕塑公園,傳說中的春馬岩和44幅精美的藝術雕塑展現了雲海中的寧靜。,"釜山市西區南富民洞San 4-13",沒有停車場,洗手間,,小型運動場和各種運動設施,海濱長廊+觀景台+庇護所+雕塑等,
顧德體育場,1920年9月，它被用作村里體育活動的場所，旁邊是一個小動物園，旁邊是一個大的空地，1928年9月，它被建成釜山公共體育場。,釜山市西區西大新洞3街211-1,停車場有182個停車位,洗手間,,主體+主體+主體。,,
臨時首都紀念館,作為6月25日時的臨時首都，保留了克服民族危機的歷史遺跡，並傳給了後代，以實現民族歷史的黑暗時期，並將其用作祖國統一與繁榮的山區教育中心。,釜山市西區富民洞3街22號,停車場有18個停車位,洗手間,,,展覽室等,
龍山公園,作為釜山歷史悠久的代表性旅遊勝地，和諧地建造了高120m的釜山塔，釜山上津，釜山市民的鐘聲，李舜臣雕像，忠武公雕像和藝術展覽館。,釜山中區光復洞2街1-2,沒有停車場,洗手間,,,,
松島海洋公園,``松島海洋公園’’作為``松島地區綜合海洋遊樂區項目’’的一部分於2017年完工，是遊客和居民的開放空間節日廣場、青年廣場治療廣場，治療廣場是一家私人企業的名稱為”釜山松島汽車露營地”。,釜山市西區安南洞135-23,停車場有88個停車位,洗手間+停車場,,體育設施+沿海步道+廣場,汽車露營地,
南漢山城,一個可以欣賞歷史，文化和四個季節之美的地方,京畿道光州市南漢山城面山城里158-1,停車場有945個停車位,停車場+洗手間,,,杏宮+萬海紀念館等,
豐原白瓷博物館,陶史鑒賞與朝鮮政府歷史變遷。,"京畿道光州市南鐘面豐原里San 5",沒有停車場,停車場+洗手間,,,白瓷博物館,
天津市,一個發展成天主教的聖地，這是千鶴崗學會的信仰之本,"京畿道光州市手川面Usan-ri 500",停車場有100個停車位,停車場+洗手間,,,天主教博物館,
Gyejok山Hwangtotgil,,大田市大德區窪洞2-1,停車場有25個停車位,,,,,
密陽永南,它是韓國三大館之一，是第147號珍品,,停車場有50個停車位,洗手間,,,,
馬尼薩,"Maneosa寺位於Maneo山山脊上，海拔674m，是由Gara Guk Suro國王建造的歷史悠久的寺廟。",,停車場有50個停車位,洗手間,,,,
表忠寺,孝宗寺是佛教與儒家並存的獨特寺廟，其中傳授聖賢與祖先的賢宗堂就坐落在寺廟地區。,,停車場有200個停車位,洗手間,,,,
馬尼桑國家旅遊景點,它位於白頭山和漢拏山之間，是韓國最強的地方，每年七世娘都在最高城昌丹舉行，這是全國體育比賽的火炬。,仁川江華郡華多面桑邦里402-2,停車場有1293個停車位,"管理室（2樓）+分離收集區（2樓）+倉庫（2樓）+石橋（7樓）+ Mokgyo（3樓）+ Damsubo（6樓）+排水（2樓）+洗手間（12樓） +停車場（11個地點）+售票處+水淨化設施+水箱（5座建築物）+淨化設施+淋浴房",,,"戶外表演廳+ Dangun遊樂場+戶外烹飪廳（7座建築物）+觀景台",
長沙海濱旅遊理論,保留海灘清潔自然資源和商業登陸運營歷史事件的旅遊目的地,慶尚北道永德郡南井面長沙里74-1,停車場有297個停車位,管理辦公室+停車場+洗手間（3樓）+淋浴（2樓）+廣場,,迷你足球場,勝利紀念館,
高句麗鐵匠村,作為韓國唯一的高句麗博物館，它陳列著從Acha出土的文物，並設有一個戶外展示廳，展示了高句麗的外觀。,"京畿道九里市抱川洞San 45-1",停車場有100個停車位,管理處+洗手間+停車場,,,,
東陵,被稱為聯合國教科文組織世界遺產和第193號歷史遺蹟的“古里東古隆”被命名為東古倫，因為它被稱為“大城東側九個時期的皇家陵墓”。,"京畿道九里市Inchang-dong 66-1",停車場有109個停車位,管理處+洗手間+停車場,,,,
咸平海水蒸,您可以一次享受溫泉和蒸藥的好處,,停車場有100個停車位,,,,,
咸平自然生態公園,四個季節的探索學習與生態體驗,,停車場有100個停車位,,,,,
咸平西部爬行動物生態公園,韓國最大的水陸兩棲爬行動物展覽館,,停車場有100個停車位,,,,,
咸平博覽公園,亞洲生態文化旅遊勝地,,停車場有100個停車位,,,,,
"Ilgang Kimcheol老師紀念館",重新審視獨立活動家金哲的愛國精神的教育場所,,停車場有10個停車位,,,,,
松島海上纜車,從釜山松島海灘以東的松寧公園到西部的安公園，共有39座8人座小木屋，包括透明地板的水晶小木屋。尤其是，通過從高達86m的高度越過大海，旅客不僅可以感受到海中的刺激，還可以欣賞從Amnam公園，Namhang和Yeongdo島四面八方散佈的壯麗風光。,釜山市西區安南洞124-1,停車場有892個停車位,洗手間+停車場,,39個纜車艙,飯店+觀景台等,
松島海岸,韓國的第一個海灘。松島海灘被譽為東方的那不勒斯，以其在1960年代和80年代對鬆島的回憶而聞名，擁有美麗的海岸線，並重生為海濱公園，您可以在此享受四個季節。,釜山市西區安南洞135-5,停車場有1047個停車位,洗手間,,松島步道+海洋潛水平台+海洋休閒運動中心+落地噴泉等,更衣室+淋浴間+噴泉+帕戈拉+主題街等。,
安南公園,"岩公園（Amnam Park）是在釜山市西區金山山地區建造的自然生態公園。這裡有大約1億年前形成的沉積岩，100種野花和370種植物，這在城市地區是罕見的。佔地553,277平方米，包括1.9公里長的海濱長廊和1.2公里長的沿海長廊，自然風光與美麗的沿海風光和茂密的森林相得益彰。","釜山市西區安南洞San 193的整個區域",停車場有341個停車位,洗手間,,釣魚場+休閒運動設施等,飲水機+雕塑等,
京閩陶瓷博物館,一個可以感受我們傳統陶瓷文化和歷史的地方,京畿道光州市孔家邑三里72-1,停車場有482個停車位,停車場+洗手間+公園,,,戶外雕塑公園+柴火窯+達賴擴展等,
大清湖畔,,大田市大德區美穗洞57號,沒有停車場,,,,,
Bosudong書店胡同,Bosudong書店胡同是指在Gukje市場入口大同路十字路口Bosudong方向狹窄的胡同中聚集的書店。解放8.15之後，今天的國際市場由於太平洋戰爭而被拆除，日本人留下的書籍在露天出售。從坐下來，它就成為了今天小巷形成的基礎。,釜山中區博壽洞1街124-15號,沒有停車場,洗手間,,,博蘇東書店胡同文化中心,
解放之路,"在這條時尚購物街的中心，有一個“ Emergency 2000”雕塑，象徵著21世紀的飛躍形象。每年都會舉辦光復路文化節的文化藝術街。",釜山中區昌善洞1街44號,沒有停車場,洗手間+公共停車場,,,,長善洞旅遊諮詢中心
釜山電影體驗館,釜山電影體驗博物館是代表韓國的多文化電影體驗空間。作為國家首個與電影相關的專業展覽體驗設施，這個體驗博物館由地上4層和地下3層組成。配備高科技電影院。,釜山中區東光洞3街41-4號,沒有停車場,洗手間+公共停車場,,,,
密陽香橋,"Miryanghyanggyo成立於高麗時代（1100年左右），在Imjin戰爭期間被燒毀，由Busa Choigi在1602年重建，至今仍然存在。",結束,停車場有50個停車位,洗手間,,,,
密良瓜納,在朝鮮王朝，密陽布政府機關的成立日期不詳。,結束,停車場有50個停車位,洗手間,,,,
黃寧山旅遊理論,它是釜山金蓮山青年培訓中心的整個區域，位於釜山中心的黃寧山山腳下，因此您可以看到釜山的地標，廣安里海灘，廣安橋和海雲台。,"釜山水原區廣安洞San 60-1",停車場有80個停車位,管理處+洗手間+停車場,,,,
薩姆里文化藝術村,Samrye獨特而精緻的空間，通過將像徵剝削的Yanggok倉庫轉變為文化和藝術中心，歷史意義和文化共存。,全羅北道萬州郡三邑邑胡井裡247-1,停車場有30個停車位,管理室+洗手間（3棟）+停車場,,,,
韓國酒博物館,"一個主題博物館，其中包含從古代到現代的50,000件文物中包含的各種故事。",全羅北道萬州郡孤面德川里245-1,停車場有40個停車位,管理室+洗手間（5棟）+停車場,,,,
"Boeun Samyeonsanseong堡壘",三娘三城要塞是新羅三國統一的前哨，是準確記錄修建和收縮日期的堡壘，並且是中部地區具有歷史價值的文化遺產。,忠清北道寶恩郡寶恩邑江安里280-1,停車場有50個停車位,洗手間+評論員的房子,,博恩運動公園（棒球場+游泳池+足球場等）,農業文化中心,
"Boeun Woodang老房子","Boeun Woodang Old House擁有寧靜的氛圍，是一棟擁有100多年曆史的房屋，採用傳統技術建造而成，您可以體驗傳統房屋。","忠清北道寶恩郡長安面Gaean-ri 154",停車場有10個停車位,洗手間+評論員的房子,,,水原里松樹谷,
松尼桑·畢普茹薩,大韓民國佛教第5個教區的總部是由新羅時期的新神調查所建立，並於2018年6月被聯合國教科文組織列為世界遺產，被公認為世界文化,忠清北道寶恩郡松山三面沙內裡209,停車場有150個停車位,洗手間+評論員的房子,,世祖路+鴨林路+露營地等,九州的國寶,
東鶴農民革命紀念公園,農民的自發革命喚醒了對坦瓜鴨的起義以及對外國勢力的抵抗感，這是3月1日運動的重要基礎。,忠清北道博恩郡博恩邑聖城里山16,停車場有30個停車位,洗手間+評論員的房子,,博恩運動公園（棒球場+游泳池+足球場等）,"松尼斯山Beopjusa寺Solhyang Park",
札嘎其市場,釜山的代表景點和韓國最大的傳統海鮮市場，您可以在這里以低廉的價格購買新鮮和新鮮的魚類。,釜山中區南浦洞4街37-1號,沒有停車場,洗手間+停車場,,,,
40步主題街,這是一條主題街，圍繞40階台階而建，裝飾有諸如老人和帶水瓶的孩子等雕塑。,釜山中區中港洞4街38-1號,沒有停車場,公共洗手間,,,40級文化廳,
BIFF廣場,全球電影節釜山國際電影節的發源地,釜山中區南浦洞5街18-1號,沒有停車場,公共洗手間,,,,
影島大橋,影島大橋是東方地區的第一座大橋，於1934年11月建成，為影島與釜山港在日本殖民時期的通行提供了便利，具有歷史意義，是韓國唯一的影島大橋。在這個地方，離散家庭的生活充滿了悲傷。,釜山中區南浦洞1街33-9號,沒有停車場,公共洗手間,,,,釜山中區遊客諮詢中心
奧奇耶海灘旅遊道德,奧奇耶海灘旅遊勝地,江原道江陵市大溪面錦津裡799-16,停車場有180個停車位,洗手間+停車場+淋浴,,,韓國女性和女性的心,
英語喜劇之鄉,這是韓國唯一的喜劇體驗中心，您可以通過單人表演和插科打five等五種感覺來體驗喜劇的基因，這些笑聲在人們的情感中流動。,慶尚北道青道郡伊勢面仰光裡91-3,停車場有27個停車位,停車場+洗手間,,喜劇展覽體驗館+演出運營,營業時間：10:00〜18:00,
鬥牛主題公園,有各種各樣的養牛設施，例如展廳，視頻廳和特殊展覽廳，可幫助遊客通過各種圖形面板和模型了解養牛活動，這些圖形面板和模型是從養牛活動的起源傳下來的。,慶尚北道青道郡華安邑三新里1059-1,停車場有45個停車位,洗手間+庇護所,,牛戰鬥模型+牛戰鬥遊戲+牛奔跑遊戲+牛拔河比賽遊戲等。,營業時間：09：00〜18：00（每週一休息）,
青島軌道自行車,以清道沿岸廢棄的第一條老路為主題建造,慶尚北道清道郡清道邑新道裡48-2,停車場有100個停車位,洗手間,,銀河大橋+休憩廣場+四條公園,營業時間：09：00〜18：00,
清道自治公園,它是縣里最大的自行車公園。山地自行車體驗課程（MTB高山課程），MTB技能中心，MTB支持中心等。,慶尚北道清道郡清道邑裕和里39-15,停車場有50個停車位,洗手間+公園,,露營地+山地車經驗,營業時間：09:00〜18:00※MTB體驗：10:00開始靈活運營,
"朵拉村（Honggiok House）",重要民俗文化財產,全羅南道市南州市多多面豐山里199,停車場有30個停車位,洗手間,,健身器材,,
那居良行,城市和城市有形文化財產,全羅南道市南州市京東32-3,停車場有15個停車位,洗手間,,,體驗計劃,
海印寺,八川代表性旅遊勝地和歷史遺產，被選為韓國100大韓國最佳旅遊之一,慶尚南道八泉郡加耶面千里10,停車場有1個停車位,管理處,,,,
大江敬主題公園,結合了包括海印寺大藏經在內的各種唱片文化的綜合主題公園,慶尚南道八川郡加耶面Y川里943,停車場有1個停車位,管理處,,,,
禦堂山自然休養林,代表性療養旅遊勝地被選為養生旅遊勝地,慶尚南道八泉郡鳳山面Apgok-ri,停車場有1個停車位,療愈森林,,,,
八泉博物館,充滿了八千人的生活歷史和文化的旅遊勝地,慶尚南道八泉郡雙溪面城山里504,停車場有1個停車位,管理處,,,,
黃山公園,風景如畫的代表性旅遊勝地，在整個四個季節中都會變色,慶尚南道八泉郡加荷面鄧奈里1319,停車場有1個停車位,停車場,,,,
視頻主題公園和藍屋套裝,拍攝了許多節目的韓國最大的電影和戲劇集,慶尚南道八泉郡龍珠面加保裡418,停車場有1個停車位,管理處,,,,
八川大學,在保護八川水壩的同時擁有美麗風景的地方,慶尚南道八平郡大平面會陽里1603-1,停車場有1個停車位,停車場,,,,
黃溪瀑布,瀑布的聲音和風景之美的自然之謎,"慶尚南道八川郡龍珠面黃枝裡San 156",停車場有1個停車位,洗手間,,,,
正陽體育公園,具有代表性的暑假勝地，老少皆宜的娛樂活動,慶尚南道八泉郡大陽面正陽里101-18,停車場有1個停車位,汽車露營地,,,,
正陽濕地生態園,您可以直接感受和體驗自然的生態旅遊場所,慶尚南道八泉郡大陽面正陽里146,停車場有1個停車位,洗手間,,,,
海印寺索里吉爾,索里吉爾（Sorigil）被譽為徒步旅行路線，並擁有多種花道。,"慶尚南道八川郡加耶面古亭裡San 9-5",停車場有1個停車位,洗手間,,,,
青島博物館,青島第一所綜合博物館經過翻新改造而成,慶尚北道青道郡伊勢面仰光裡129-5,停車場有40個停車位,洗手間+停車場+考古博物館+民俗博物館+展覽室+兒童體驗室,,展覽室+民俗博物館+考古博物館+每月活動等,營業時間：09：00〜18：00,
西金江火車村,作為以火車為主題的多種娛樂景點的五城代表性旅遊勝地，連續3年被選為韓國100佳旅遊勝地之一。每年舉辦世界玫瑰節和高城神清節的主要舞台,全羅南道國城郡五穀面小路里770-5,停車場有1000個停車位,火車村辦公室+遊客諮詢中心+護理室,,夢幻樂園+魔術樂園+迷你火車+火車鄉村有軌自行車,火車村生態學習中心+火車村咖啡廳,
大洞堂,它屬於Hallyeohaesang國家公園，是一個島，島上的194種維吾爾族樹木（包括山茶花和奇特的岩石峭壁）自然地融為一體。這是麗水以山茶花而聞名的代表性旅遊勝地。,全羅南道麗水市水井洞1-2,停車場有356個停車位,洗手間+山茶火車,,越野車,音樂噴泉,管理處
金南廳,304號國寶是韓國最大的單層木質建築，在朝鮮王朝時期已有400多年曆史，是朝鮮海軍的基地。它正在進行裝修，直到2020年12月。,全羅南道麗水市群子洞472,停車場有102個停車位,洗手間,,,伊姆蘭文物展覽館,管理處
香蘭,它是韓國四大觀音祈禱街之一，是韓國最好的日出地點。據說它是元佑大使在644年創立的。,全羅南道麗水市裕林裡7,停車場有109個停車位,洗手間,,,,售票處
李炳珠文學館,您可以一窺文學家李秉柱的作品和活動,慶尚南道河東郡北川面吉田裡231,停車場有40個停車位,洗手間（2棟）+停車場,,,,
吉里桑歷史博物館,提供一個空間，讓我們了解與吉里森山一起生活的祖先的生活,慶尚南道河東郡花開面大成裡1389,停車場有15個停車位,洗手間（1棟）+停車場,,,,
歐田山旅遊道德,平治谷，露營區,江原道橫城郡加川面平吉里539-1,停車場有400個停車位,露營地+山谷,,足球場,,
火,寺廟,"全羅南道那州市市多多面Masan-ri 999",停車場有20個停車位,洗手間,,,初步住宿和體驗計劃,
金星,城市和城市有形文化財產,全羅南道市南州市瓜原洞109-5,停車場有100個停車位,洗手間,,,文化旅遊評論員,
世博科技園,,大田市九州市區龍洞洞3-1,停車場有200個停車位,,,,,
漢巴特植物園,,大田市西區萬麗洞396,停車場有465個停車位,,,,,
冬柏島,"冬柏島位於海雲台海水浴場端，是在與Yulji相連的肉雞路上創建冬柏島自然公園的地方，並設有2005年APEC峰會的舉辦地Nurimaru APEC House。","釜山海雲台區U-dong 708-1",停車場有101個停車位,2個公廁+道路+1個觀景台+1棵樹和1塊草坪,,,1艘觀光遊輪,
海雲台海水浴場,海灘於六月至九月開放，因此您可以在海裡沐浴。水的深度很淺，潮汐變化並不嚴重，因此每年有超過一千萬的人來此遊玩。另外，隨著海灘的開放，每年都會舉辦各種活動和節日。,釜山海雲台區中東1015,停車場有203個停車位,道路+廣場+4個公洗手間+1個停車場+1個管理處+1個變電站+,,,海底主題水族館,
達爾馬吉花園區,"它以其行駛路線而聞名，因為它是一條充滿櫻桃樹和松樹林的小路。在Dalmaji Pass周圍地區可以找到各種各樣的藝術品，而滿月的月光與海洋融為一體，是約會活動的勝地。",釜山海雲台區中洞42-25,停車場有76個停車位,2個公廁+1個管理處+廣場+道路和停車場+,,,滿月亭1號樓,
班南墓,歷史古蹟,全羅南道市南州市板南面新村里249-2,停車場有100個停車位,洗手間,,,文化與文化,
白鶴文學館,博物館,全羅南道那州市市大石面會津裡103,停車場有20個停車位,洗手間,,,體驗節目和展覽,
那州市立博物館,博物館,全羅南道那州市新村里152-25,停車場有200個停車位,洗手間+會議室,,,展覽,
永山浦歷史館,博物館,全羅南道市南州市榮山洞247-2,停車場有-個停車位,洗手間,,,畫廊展覽,
"Naju Bogam高中展覽館",博物館,"全羅南道那週市大石面Bogam-ri 71",停車場有56個停車位,洗手間,,戶外公園,視頻體驗中心,
日本現代房屋,現代房屋,全羅南道市南州市榮山洞660,停車場有2個停車位,洗手間,,,福利計劃,
比加拉姆湖公園觀景台,公園,"全羅南道那週市Bitgaram-dong 4-321 San 4-321",停車場有104個停車位,洗手間,,石材滑軌+單軌,天文台+畫廊,
歐世界,,大田中區沙井洞142,停車場有1913個停車位,,,,,
中南露營森林,以學生野餐和家庭野餐為主題的基於經驗的公園（露營地）,芒雨洞76,沒有停車場,,,,,
翁吉主題公園,以On木為主題的公園，您可以參加各種傳統文化體驗計劃,信內洞777,沒有停車場,,,,,
"Seosanryu Bangtaek天文氣象科學博物館","為紀念忠清道瑞山市的韓國天文學家柳邦澤（Ryu Bangtaek）製作了一張科學博物館，他製作了《天列車》的地圖。",,停車場有25個停車位,辦公室+洗手間+停車場,,,,
瑞山飛禽樂園,在候鳥遷徙期間，您可以通過觀鳥之旅看到遷徙鳥抵達天水灣，在特殊計劃期間，您可以體驗各種體驗活動，並有4D視頻等景點。,,停車場有200個停車位,洗手間（5棟建築物）+停車場+信息中心（4個地點）,,,,
龍賢自然休養林,位於龍淵谷中部，是欣賞深谷的理想森林休閒場所。,,停車場有98個停車位,管理室+洗手間+停車場,,,,
海面城城,保存了500年曆史的朝鮮王朝石城邑城,,停車場有24000個停車位,辦公室+洗手間+停車場,,,,
潭陽湖國家旅遊景點,潭陽湖國家旅遊區是一個自然療養勝地，具有悠久的歷史和歷史氣息，從永山河的發源地伽瑪索爾生態公園（Yongso）到擁有乾淨清澈山岳的潭陽湖。,全羅南道潭陽郡龍面面月溪里149-67,停車場有500個停車位,管理室+公廁+觀景台+淨水廠+停車場+道路等,,體育設施區,園林綠化和休息設施+Yongmarugil+Chuwol山徑,伽馬格爾生態公園+JK日誌養卹金綜合大樓（Bihojae區）
九國院,"它創建於2003年5月，擁有約310,000平方米的茂密竹林。這裡有一條長達2.4公里的人行道，您可以在這裡享受竹林沐浴，還建立了6個展館，這些亭閣代表著韓國文化的發祥地，卡薩文學的發源地，以及可以欣賞星空並在夜間體驗韓屋的空間。","全羅南道潭陽郡潭陽邑香橋裡San 37-6",停車場有70個停車位,管理室+公共洗手間+觀景台+涼亭等,,兒童遊樂場,景觀和休息設施+生態展示廳（李藝術中心）,
元紅杉土地,"榮獲美國美麗森林國家競賽類別大獎的水杉路已根據法令被修訂為當前的水杉土地，並經營娛樂設施，如兒童普羅旺斯，湖氣候變化體驗中心，青蛙生態公園，生態草藥中心，昆蟲博物館和自助餐廳。 ��正在施工🚧。它是丹陽市代表性的遊樂園之一，除了散步和思考水杉之路外，還為兒童提供了豐富的經驗和設施。",全羅南道潭陽郡潭陽邑八洞裡578-4,停車場有2000個停車位,"水杉路L = 2.1公里+兒童普羅旺斯+電影+青蛙生態公園+生態中心+湖氣候變化體驗中心+3個售票處+6個智能查站所。",,兒童普羅旺斯+自助餐廳+昆蟲博物館,園林綠化和休息設施,
索斯旺院,"1983年7月20日被指定為304號歷史遺址，2008年5月2日被改為40號風景區。總面積為4,060平方米（指定面積）和118,866平方米（保護面積）。這是一個代表性的花園，通過在每座建築物之間建有流動的山谷來協調自然與人造。",全羅南道潭陽郡加沙門八克面地極裡123,停車場有90個停車位,管理處（售票處）,,,園林綠化和休息設施,
韓國竹博物館,"喬克穆爾博物館（Jukmul Museum）於1981年開放後，它是該國唯一的竹製品主要生產地，並具有執行諸如保存，展覽，展示和銷售等綜合功能的空間，為繼承竹工藝品文化傳統和促進竹工藝品提供了機會。擴大並遷至該地點，於2003年更名為韓國竹子博物館並運營",全羅南道丹陽郡丹陽邑泉邊裡401-1,停車場有150個停車位,管理處（售票處）,,,園林綠化和休息設施,
韓國歌曲之歌,於2000年10月完成，用於傳播，保存，現代繼承和發展與卡薩文學相關的文化遺產。在佔地16556平方米的場地上，增加了一些設施，例如2022平方米的韓屋主樓，特別展示廳（畫廊），Jamijeong，Sesimjeong，紀念品展示廳和傳統茶館,全羅南道潭陽郡加沙門八克面地極裡319,停車場有90個停車位,韓屋式本館+售票處+洗手間等,,,特別展覽室（畫廊）+佳美亭+世新亭+紀念品展覽+傳統茶館等。,
羅州市自然染色博物館,博物館,全羅南道那州市市高石面會津裡163,停車場有80個停車位,洗手間,,,體驗館,
慢城薩姆基奈村,丹陽市有許多老房子，附近還有許多文化財產。儘管它是市中心附近的農村地區，但仍然保留了許多傳統文化，使其成為與現代和傳統和諧相處的代表村莊。特別是，在三千川村和韓屋村的老房子裡的石牆路上悠閒散步，也是遊客悠閒生活的地方。,全羅南道潭陽郡昌平面昌平里113-1,停車場有300個停車位,管理辦公室+公共洗手間,,,,
手動旅遊景點,蒙古文化村,京畿道南陽州市水原面內幫裡254,停車場有119個停車位,蒙古文化村,,,,
龍門山旅遊勝地,龍門山的壯麗山景，懷a著旅遊勝地，奇特的岩層所形成的壯麗景色讓人聯想到金剛山。,,停車場有807個停車位,管理室+遊客諮詢中心+停車場+4個公廁,,,營地+環保農業博物館,
遊艇奧林匹克花園區,有一個遊艇運動場，可停泊360艘遊艇，遊艇和小船與蔚藍的大海和海洋城市的摩天大樓相呼應，營造出異國風情的景觀。舉辦各種國際比賽以及各種文化活動，包括海上運動和國際電影節。,"釜山海雲台區U-dong 1127-56",停車場有398個停車位,管理室1樓+公共洗手間3樓+路面+圓形噴泉1處+池塘1處+帕戈拉1樓+紀念園1處+綠地1處+,,1個遊戲廣場+1個草坪廣場+1個長廊+1個遊戲場+1個兒童遊樂場+1個游泳池,1個植物園+綠草展覽館,
Jangtaesan休閒森林,,大田市西區長安洞259,停車場有472個停車位,,,,,
大田都樂山路,,大田中區大田洞195-2,沒有停車場,,,,,
東春當,,大田區大德區松村洞192,停車場有30個停車位,,,,,
大田文化藝術園區,,大田市西區萬麗洞396,停車場有751個停車位,,,,,
義陵井文化街,,大田中區銀行洞45-10,停車場有355個停車位,,,,,
玉城溫泉,,大田市九成區鳳明洞574,沒有停車場,,,,,
中原溫泉,將中原遺跡，忠州湖畔旅遊等周邊旅游資源與中部地區唯一的碳酸溫泉資源相結合，打造綜合溫泉度假村,忠清北道忠州市-城面面山里13-1,停車場有165個停車位,,,,,
Magoksa旅遊醫學院,千年古廟Magoksa廟,忠清南道公州市市沙谷面安南里731-2,停車場有100個停車位,洗手間+停車場,,白雲禪修路,聖殿住宿,
Magoksa旅遊醫學院,千年古廟Magoksa廟,忠清南道公州市市沙谷面安南里731-2,停車場有100個停車位,洗手間+停車場,,白雲禪修路,聖殿住宿,
Magoksa旅遊勝地,您可以感受到Magoksa寺的寧靜自然風光，這是一座被聯合國教科文組織列為世界遺產的千年神廟，以及傳統文化和佛教。,忠清南道公州市市沙谷面安南里731-2,停車場有290個停車位,旅遊信息中心+洗手間+停車場+電動汽車充電器+遊樂場,,,,
Magoksa旅遊勝地,您可以感受到Magoksa寺的寧靜自然風光，這是一座被聯合國教科文組織列為世界遺產的千年神廟，以及傳統文化和佛教。,忠清南道公州市市沙谷面安南里731-2,停車場有290個停車位,旅遊信息中心+洗手間+停車場+電動汽車充電器+遊樂場,,,,
公州文化中心,百濟歷史遺址,忠清南道公州市雄津洞431,停車場有100個停車位,洗手間+停車場+管理處+旅遊信息中心,,可能,國立博物館戈馬中心,
公州文化中心,百濟歷史遺址,忠清南道公州市雄津洞533,停車場有100個停車位,洗手間+停車場+管理處+旅遊信息中心,,可能,國立博物館戈馬中心,
公州文化旅遊區,一個歷史文化旅遊勝地，適合家庭遊客住宿和各種休閒活動,忠清南道公州市雄津洞431,停車場有1592個停車位,藝術中心+活動廣場+停車場+市政廳,,,,
公州文化旅遊區,一個歷史文化旅遊勝地，適合家庭遊客住宿和各種休閒活動,忠清南道公州市雄津洞533,停車場有1592個停車位,藝術中心+活動廣場+停車場+市政廳,,,,
Samaksan（湖邊）,素叻山被指定為春川市立省級紀念碑，它有三個主要峰，分別是榮化峰，天文峰和地善峰。大小瀑布貫穿懸崖，登仙瀑佈在其中尤為著名。附近有許多文化遺產，例如金仙沙，新興沙，興國沙和上原沙。,江原道春川市西面新梅里36-1,停車場有202個停車位,途徑+儒學+海洋責任+儒學,,樂高樂園網站（尚未開始）,公園（未開始）,
乞iya寺,江原道最安靜的寺廟之一清平寺和從鳳峰山流出的清平谷。在山谷中間是美麗的古松瀑布。,,停車場有194個停車位,"道路+停車場+污水處理廠1 +管理室2 +售票處2 +洗手間3 +多功能廣場",,,露營地+公園+景觀休閒區+廣場,
古谷瀑布,這是一個自然景觀極佳的地方，例如落在山頂九角附近的古谷瀑布。,,停車場有242個停車位,"管理辦公室1樓+停車場+ 4個公廁+自約束車停車場+污水處理廠+排水中心+道路",,1個健身設施（未啟動）,"觀察休息區1建築物+野花花園（未啟動）+生態濕地+生態池塘+ 7個露營地（未啟動）+景觀休息區",
長城湖旅遊法定,長城河上游的旅遊景點，這裡有文化藝術公園，益光出租車電影院和水下文化中心。,全羅南道長城郡北面雙城裡38-1,停車場有200個停車位,管理室+洗手間+停車場等,,,文化遺產公園+水文化中心+戶外表演廳,
弘吉洞主題公園,保留洪吉洞的歷史和文化價值的主題公園,全羅南道長城郡黃龍面阿谷裡373,停車場有200個停車位,管理室+洗手間+停車場等,,五人制足球場+韓國射箭體育場+弘吉花園住宅體驗中心等,營地等,
吉里山溫泉旅遊勝地,吉里山溫泉旅遊勝地,全羅南道求禮郡山東面關山里522,停車場有10000個停車位,消防局派出所+旅遊問詢處+停車場+污水處理廠+三壽湯花節一系列活動廳+青年培訓中心,,,Sansuyu文化中心+Sansuyu愛情公園+Sansuyu花華爾街,
大成旅遊景點,"它以沿慶漢路大成里站為中心的北漢江沿岸約80,000坪，並設有長廊，野餐區，自行車道以及各種便利設施。禁止在布漢河上游泳，並可以進行水上運動，例如乘船遊覽。",京畿道加平郡清平面大成裡395-3,停車場有25個停車位,公共洗手間（2棟）+手術室（1棟）,,規劃遊樂設施等,3個碼頭的運營+營地計劃等,
山間小屋,1977年被指定為國家級旅遊勝地，被開發為充分利用自然風光的山谷型旅遊勝地，風景秀麗，因為北漢江支流城田的清水融為一體。主要設施包括露營地，各種住宿設施和山谷天然游泳池。,京畿道加平郡相面德賢里74-12,停車場有156個停車位,道路+停車場+管理處+洪水位管理處,,規劃中的多功能遊樂場,營地和露營廳等的運營,
舊）那州站,全羅道紀念碑,全羅南道市南州市十木洞60-172,停車場有16個停車位,,,,舊）那州站,
諾安天主教堂,註冊文化財產,全羅南道那州市市南面陽川里780,停車場有10個停車位,洗手間,,,諾安天主教堂,
慶山溫泉,"大山溫泉旅遊飯店位於山村，距慶山市區約30分鐘車程，因此很難首次找到。從新羅時期開始，它們被稱為溫泉岩溫泉Onamjeong，Daechugol溫泉和Onsugol。它是具有強鹼度的硫酸泉，水量豐富，在韓國很少見。清澈乾淨的溫泉水中含有2500多種礦物質，例如硫酸根離子，氯和高錳酸鉀，已知可有效治療皮膚疾病，神經痛，胃腸道疾病，泌尿系統疾病和動脈硬化。據說溫泉對胃腸道疾病特別有益，有人喝熱水，客房由西洋和韓式房間組成，並配有宴會廳，家庭浴室，溫泉桑拿，紀念品商店，婚禮廳，咖啡廳，森林咖啡廳和教育文化中心等額外設施。 。 053）8158001",慶尚北道慶山市南山面大山里528,停車場有100個停車位,相對溫泉婚慶廳+咖啡？,,,教育文化中心,
高道,一條充滿古老氣息的道路，例如松樹，以及穿過大海的岩石橋。,,停車場有100個停車位,釣魚公園1+休息設施1+餐廳2+庇護所2,,,釣魚公園1,
永郎發源地,"Youngrang Kim Yunsik的發源地保留了其原始形式，並保留了其原始風格，在咸美的道方言中開啟了現代抒情詩的新視野。",,停車場有50個停車位,管理處,,,,
大三藏堂,"Dasan Chodang是朝鮮Silhak的發源地，在朝鮮晚期，他整理了Silhak的思想的Dasan Jeong Yakyong在流亡的18年中生活了10年，訓練了他的後代，並撰寫了500多本書，其中包括《 Mokminsimseo》。",,停車場有50個停車位,管理處,,,,
高麗青瓷博物館,為了對高麗青瓷進行系統的管理和研究，高麗青瓷博物館於1997年開放並運營，因此任何人以及青瓷研究都可以輕鬆訪問和理解青瓷。,,停車場有100個停車位,管理室+洗手間,,,,
懷特克神廟,百濟寺始建於新羅末年，由元明寺y瀨於1211年重建，1236年，百濟寺院被宣告成立，並發起了百靈協會運動。,,停車場有50個停車位,管理室+洗手間,,,,
多林寺,清潔美麗的森林和山谷,全羅南道城城郡城城邑豐城裡327,停車場有100個停車位,公共洗手間,,,"Dorim Saoto露營地",
鹽絲,金章生的父親張順天的住所四個季節,忠清南道市吉隆市今岩洞45,停車場有2個停車位,停車場,,,,
李申元中信正陵,紀念孝靈大eg孫子李世元的招牌,忠清南道市吉隆市金剛洞281-4,停車場有2個停車位,停車場,,,,
申旺佳,四個季節的金長生的第9個兒子金碧的住所,忠清南道市吉隆市杜馬面旺大里299,停車場有5個停車位,停車場,,,,
"雨hy Munhwa觀光地",奉水院，文物展覽館，海濱長廊,江原道橫城郡水原面雨玄裡1097,停車場有60個停車位,大教堂+文物展覽館,,,,
威利希利公園旅遊區,滑雪勝地，高爾夫球場，纜車，公寓,江原道橫城郡敦內面都原裡204,停車場有500個停車位,滑雪勝地+公寓+高爾夫球場,,遊樂設施+表演廳,,
華津浦歷史安全展示館,華金浦城堡，李承晚總統紀念館和李基峰副總統的別墅,江原道高城郡巨人邑華坡里596,停車場有60個停車位,洗手間+停車場,,,,
華津浦海事博物館,"包括一個貝類博物館，館藏40,000種1,500種物種的物品，其中包括各種稀有貝類，甲殼類動物和毛絨動物；還有一個魚類展覽館，展示3,000種125種水生生物。","江原道高城郡賢內面Chodori 94-1",停車場有100個停車位,洗手間+停車場,,,,
華津浦生態博物館,在每層三層，地上三層的展廳中，您可以觀察和學習與和金浦湖有關的生態系統。,江原道高城郡巨人邑華坡里590-2,停車場有20個停車位,洗手間+停車場,,,,
宋智浩管網塔,獨特的五層樓管網塔樓，您可以俯瞰湧向松集湖的候鳥群舞,江原道高城郡巨光面奧豐裡9-34,停車場有50個停車位,洗手間+停車場,,,,
戈西洞景點,被指定為自然遺跡219號的石灰岩洞穴旅遊景點,江原道靈月郡金勝門面金比露裡506-1,停車場有470個停車位,洗手間（2棟）+停車場+旅遊諮詢中心+電力+通訊+水和污水處理設施,,,博物館+展廳,
廣德谷旅遊區,廣德谷位於白雲山和廣德山之間，自然風光秀麗，無污染的小瀑布，小奶牛等清澈的水非常好。提供住宿設施，使其成為理想的避暑勝地。,江原道華川郡早苗面廣德里,停車場有200個停車位,2個管理處+1個一般廣場+7個公洗手間+13個停車場+1個污水處理廠,,,,
八峰山旅遊理論,美麗的名山，有8個岩峰和洪川河,江原道洪川郡西面延保浦裡272,停車場有150個停車位,管理處+洗手間+停車場,,五人制足球場,露營地+表演廳,管理處
大明維瓦爾第公園,韓國最大的旅遊度假區，如休閒娛樂，高爾夫和滑雪,江原道洪川郡西面八方裡1289,停車場有2000個停車位,管理處+洗手間+停車場,,高爾夫球場+滑雪場+騎馬區,遊樂園設施+例如海洋世界,員工專用住宿
萬山川,城市和城市古蹟,全羅南道那州市松原洞1096-13,停車場有500個停車位,洗手間,,,落後,
牧師,全羅道文化財產資料,全羅南道市南州市錦溪洞33-31,停車場有100個停車位,洗手間,,,提供房間,
年輕的莫政,城市和城市古蹟,全羅南道市南州市大石面會津裡101,停車場有5個停車位,洗手間,,,年輕的莫政,
男顧問,歷史古蹟,全羅南道那州市南內洞2-20,停車場有200個停車位,,,,文化與文化,
那須木文化中心,博物館,全羅南道市南州市錦溪洞13-2,停車場有100個停車位,洗手間,,,展覽,
中興黃金溫泉度假酒店,遊樂園,全羅南道那州市市道面面山三里1449-4,停車場有3000個停車位,洗手間,,水上休閒運動管理,游泳池和水療中心,
羅州市影視主題公園,主題公園,"全羅南道市南州市公山面新谷裡San 2",停車場有800個停車位,洗手間,,各種體驗設施（民間遊戲+陶瓷等）,觀賞設施,
南帕老房子,重要民俗資料,全羅南道市南州市南內洞95-25,停車場有20個停車位,洗手間,,,體驗節目和展覽,
仁川氣體科學博物館,5種戶外雕塑，23個用於室內展覽的角落，乾淨的塔,仁川延壽區松島洞364,停車場有100個停車位,停車場+洗手間+水和污水處理設施+電力設施+通訊設施,,,,
仁川登陸作戰紀念館,展覽館，室外展覽館，室外表演廳，錄像室，休息室，天文台，小公園,仁川市延壽區奧金洞525,停車場有50個停車位,停車場+洗手間+水和污水處理設施+電力設施+通訊設施,,,,
康柏智慧城市,古代和現代展覽館，仁川模型館，IFEZ模型館,仁川延壽區松島洞24-7,停車場有70個停車位,停車場+洗手間+水和污水處理設施+電力設施+通訊設施,,,,
加雄博物館,"總共收集了18,382件物品，包括仁川唯一的國寶","仁川市延壽區Okryeon-dong 567-22",停車場有21個停車位,停車場+洗手間+水和污水處理設施+電力設施+通訊設施,,,,
巨王山旅遊景點,基於體驗的旅居型綜合休閒勝地,慶尚北道青松郡巨王山面海里里842,停車場有708個停車位,管理處+停車場+入口廣場+道路+排水中心+污水處理廠,,,藥草園+陶瓷藝術村+觀察休息區+儒家文化體驗中心+民間藝術村+博物館,
大須意見旅遊法定,風景優美，設施便利,全羅北道映照郡大鬚麵大須裡33映照郡文化體育館,沒有停車場,管理辦公室+洗手間,,,,
佐世大觀光景點,風景優美，設施便利,全羅北道伊姆西郡廣春面廣春里222佐世堂管理所,沒有停車場,管理室+洗手間等,,,,
金浦和平營養課程1,從大明港出發，經過文蘇山和愛琴峰山頂，金浦平花里街分為三個路線（共39公里）。,京畿道金浦市大草面大明里561（大明港）,沒有停車場,大草面行政福利中心,,,金浦鎮金浦Hamsang公園,金浦市旅遊諮詢中心
金浦和平營養課程2,從大明港出發，經過文蘇山和愛琴峰山頂，金浦平花里街分為三個路線（共39公里）。,京畿道金浦市月got面城東里San49（Munsusanseong）,沒有停車場,月月面行政福利中心,,,孟山山+愛琴峰,
金浦和平營養課程3,從大明港出發，經過文蘇山和愛琴峰山頂，金浦平花里街分為三個路線（共39公里）。,"京畿道金浦市華城面Gaeun-ri 43-4",沒有停車場,長城面行政福利中心,,,裴全利槍口,
金浦江陵,"江陵市（第202號歷史遺址）已被聯合國教科文組織列為世界遺產，其中包括朝鮮第16任國王Injo和他的妻子Kuen Inheon皇后的父親Wonjong。該墓被裝飾成公園。","京畿道金浦市豐木洞San 141-1",停車場有70個停車位,榜鵝洞Homeplus榜鵝洞社區服務中心,,,,
艾琴峰和平生態公園,坪ja町是一個名為愛極峰的地方，因為據說它是一個失散家庭的家庭成員，死於失踪的和平感激之餘。,京畿道金浦市月光面中山里1-9,停車場有56個停車位,月桂面辦公室,,,金浦國際雕塑公園金浦和平文化中心臥果生活文化中心,
孟山城,它是一座建於1694年（素貞20年）的堡壘，用於阻擋外部敵人並捍衛江華度島，並以在平壤洋洋時期與法國軍隊的激烈戰鬥而聞名，目前，在6公里長的堡壘中，約979m已被修復，僅剩下4公里。,"京畿道金浦市月got面城東里San 36-1",沒有停車場,月桂面辦公室,,,芒蘇山森林沐浴,
恩平歷史韓屋博物館,介紹恩平區文化遺產和韓屋傳統的博物館,首爾恩平區靜灣洞135-5,停車場有26個停車位,玩具庫+張力+洗手間等,,,恩平歷史室+漢亞展,
黃金大教堂,世宗國王第六兒子金城大da的祭祀聚會,首爾恩平區靜灣洞175-836,沒有停車場,洗手間,,,,
武國田國家旅遊局,這是朝鮮戰爭期間的戰場，韓國贏得了第一場胜利，並提高了韓國軍隊的士氣。,忠清北道陰城郡陰城邑秀里里897,停車場有15個停車位,Gamwoojae傳統紀念館+洗手間+停車場,,,,
大光海水浴場,它擁有自然的環境，例如寬闊的白色沙灘，並享有周圍島嶼的景色。,全羅南道思南郡伊米麵光山里407-24,停車場有1000個停車位,洗手間（6棟）+停車場（4棟）+烹飪區（5棟）+管理室（1棟）,,,,
密宗徐正州府,"1970年至2000年是詩人Midang的Seo Jeongju居住的地方。",首爾特別市冠岳區南賢洞1071-11,沒有停車場,洗手間,,,,
剛江展廳,展廳展示與姜甘贊將軍和歸化戰役有關的資料,首爾特別市冠岳區鳳川洞228,沒有停車場,無（使用公園洗手間）,,,,
四個季節的老房子,朝鮮中期出國留學大師金章生先生的老房子,忠清南道市慶隆市杜馬面都吉里96號,停車場有10個停車位,管理室+洗手間（1棟）+停車場,,,,
母材,四個季節的金長生的長子金國光的住所,忠清南道市吉隆市杜馬面旺大里281-1,停車場有35個停車位,洗手間（1棟）+停車場,,,,
達達波夢的日落噴泉,世界上最大，最好的落地式音樂噴泉,釜山市薩哈區大前洞482-3,沒有停車場,洗手間,,,水上游戲體驗噴泉+夜音樂噴泉操作,
達達波海岸,白色沙灘長900m，寬100m，以淺水區而聞名於世。,釜山市薩哈區大前洞1548-1,沒有停車場,洗手間,,潮灘體驗+槳板+衝浪板和其他海洋運動體驗,釜山海祭等各種文化表演,
洛東河河口天文台,可以欣賞自然風光的天文台，例如沙質島，候鳥和日落,釜山市薩哈區大前洞482-4,沒有停車場,洗手間,,,,
乙壽島生態公園,乙壽島上游水生植物生態學報告,釜山市薩哈區下單洞1151-14,沒有停車場,洗手間,,,,
乙壽島候鳥公園,包括濕地在內的生態保護公園，同時保護候鳥,釜山市薩哈區下單洞1207-2,沒有停車場,洗手間,,,生態體驗計劃的運作,
甘川文化村,朝鮮戰爭期間難民聚集的梯田村莊，您可以在那裡欣賞各種藝術品,釜山市薩哈區甘川洞1-14,沒有停車場,洗手間,,,經營各種體驗計劃+例如陶瓷和木製品,
長林港,在朝鮮時期，它是重要的軍事樞紐，是船進出河的河口，被稱為``布尼西亞'',釜山市薩哈區江寧洞1092號,沒有停車場,洗手間,,遊樂村,文化,海洋保護區促進廳
蘇拉港,大都市地區唯一的傳統港口，實際的漁船進出,,沒有停車場,洗手間,,,,
蘇拉濕地生態公園,一個生態公園，將潮灘和舊鹽場恢復為各種生物群和候鳥棲息地。,,停車場有100個停車位,洗手間,,,,
蘇拉鐵路橋,"Suin Line窄軌列車使用的鐵路橋樑，長為126米的Sorae鐵路橋樑在1994年列車停止運行後用作走廊。",,沒有停車場,,,,,
江都浦遺址,"1877年朝鮮王朝時期，作為日本仁川廣域市文化遺產資料第19號，日本在西海岸尋找開放港口時，高宗國王由Eoyoung船長Shin Jeonghee安裝了它。",仁川市南洞區壬賢洞111-13,沒有停車場,,,,,
素叻歷史博物館,洞區第一個公共博物館於2012年6月開放，以保存蘇萊的歷史和文化及其美麗的舊面貌,,沒有停車場,洗手間,,,,
"Heo Jun Geunrin公園","公園周圍是光州岩，這是首爾的第11個紀念碑;傳說居住的光州岩，還有許俊先生坐在那裡治療病人的看起來頗有愛意的雕像，以及湖亭上的兒童遊樂設施，並被用作附近居民的休息場所。 。",,停車場有10個停車位,洗手間+停車場,,,,
良川鄉,它建於朝鮮太宗11年（1411年），是當今唯一留在首爾的香宮。由於它的名字，它可能被誤解為位於陽川區，但實際上它位於江西區Ga陽洞。在此之後，附近還建立了首爾地鐵9號線附近的Yangcheonhyanggyo站。,,沒有停車場,洗手間,,,,
藥劑師,在首爾特別行政區首屈一指的傳統寺廟中，由朝鮮佛教直接控制的朝鮮佛教Jogye寺,,停車場有50個停車位,洗手間+停車場,,,,
仰天古堡,陽川高城寺是位於陽川鄉後山公山的古老城堡遺址。據推測，這座城堡一直存在到朝鮮世宗國王（1470年）為止，是一座城堡，旨在為百濟國王22世文舉遷至Woongjin（475年）之前為過河入侵高句麗做準備。,"首爾特別市江西區嘎央洞San 4-7的5個地段",沒有停車場,,,,,
公山隧道歷史博物館,據說公山隧道是在太平洋戰爭末期的日本佔領期間開挖的，用於存放武器，彈藥和軍事物資，監視金浦機場，並在空襲時用作單位總部。,,沒有停車場,,,,,
清除岩石,"據推測，這是古代石器時代人們居住的洞穴，具有很高的研究價值。據說Heo Jun已在Gyeoseobawi Rock完成了《 Donguibogam》。",,沒有停車場,,,,,
天安休閒旅遊區,中部地區最大的溫泉度假村包括水上樂園，度假公寓和天安藝術中心。,,停車場有500個停車位,停車場,,水上樂園,美術館+表演廳,
太祖山旅遊理論,位於裕東洞太祖山山下的寬敞公園，是天安市民的文化休閒場所,,停車場有300個停車位,停車場,,,雕塑公園,
南原旅遊景點,這是一個綜合性的旅遊綜合體，收集了原想到的所有標誌和娛樂設施。它位於原市恩延洞。由韓國旅遊組織創建的原旅遊區，具有與春陽田相關的春陽主題公園，春陽文化藝術中心，國立民俗文化館和原民俗博物館等文化設施。,全羅北道南原市延妍洞37-19,停車場有255個停車位,管理室停車場洗手間等,,鴨船法院射箭法院,情博物館等中心茶花蓮子會,
尤爾波海岸,"Yulpo Solbat海灘被選為2012年全國三大最佳海灘之一，並於2016年被海洋和漁業部推薦為``今年夏天十大最佳海上旅行目的地''，寬60m，長1.2km。出生於50至60歲的松樹為到達由於它是一個無污染的干淨海域，因此您可以享受干淨的海，並於1991年被指定為國家旅遊目的地，並且配備了各種便利設施。有一個海水綠茶休息中心，一個海水游泳池和一個綠茶浴，許多遊客在夏天作為帶孩子的家庭度假勝地來此旅遊。",全羅南道寶城郡厚川面東尤里678,停車場有100個停車位,遊客諮詢中心+洗手間+淋浴房+停車場,,,海灘+海水游泳池+海水綠茶浴+汽車露營度假村,
鹿津旅遊區,可以看到明清海戰的Uldulmok海域歷史的旅遊勝地,全羅南道鎮道郡群前面能人里山2-14,停車場有310個停車位,洗手間（3棟）+停車場（5棟）+遊客諮詢中心（1棟）,,,進島塔+海洋能源公園+釜山村+進島服務區,
和洞旅遊理論,舉行神秘的海上路線的節日現場,全羅南道鎮道郡郡郡面錦姬裡153-1,停車場有350個停車位,洗手間（4棟）+停車場（4棟）+遊客諮詢中心（1棟）,,門球場+棒球場,庭海灘+厚東天文台+海洋生態中心,青年培訓中心
阿里郎村旅遊景點,在阿里郎村，您可以感受到藝術家的美麗和心情,全羅南道真道郡英江面尚滿裡11,停車場有150個停車位,洗手間（2棟）+停車場（3個地方）,,,阿里郎體驗中心+紅居村+藝術家村展廳,
湧潭湖及周邊設施,"這是一個由大壩構成的人工湖，高70m，長498m，存儲量為811,500噸，在大壩周圍的搬遷道路上有很多景點。",全羅北道濟南郡安川面三樂里1179-2,停車場有100個停車位,休息區和Manghyangui花園（6個地方）+洗手間（5個地方）,,4個健身公園（龍潭+安川+上川+正川）,4）,第一名（龍潭大壩水管理小組）
雲藏山自然休閑林,雲江山谷長約7公里，全年無休，與圓形森林相連，各種奇石怪石與天然樹木融為一體。,全羅北道濟南郡正天面蓋龍里183,停車場有200個停車位,道路+管理室+3個公廁+污水處理廠,,,20個露營地,管理處
Demisam自然休閑林,"Demisam是韓國第四大河流Seomjin River的發源地，它橫跨3個省和10個市縣，全長218.6公里。",全羅北道濟南郡白雲面新南里1號山,停車場有100個停車位,道路+管理室+2個公廁+污水處理廠,,1個游泳池,1個娛樂室,管理處
濟南高原癒合林,這是美國首個環境疾病預防教育機構。它設有教育廳，起居室，體驗館和有機餐廳，作為起居室。如果患有過敏症的兒童和家庭在假期，週末以及工作日一起散步，可以治愈這種情況。,全羅北道濟南郡正天面奉加里688,停車場有100個停車位,道路+管理室+3個公廁+污水處理廠,,表演廳+露營地+步行運動場+兒童人數,Oknyeo瀑布長廊小圖書館,辦公室
剪刀博物館,"世界上唯一的剪刀博物館，位於麥山北部的濟剪刀博物館，擁有來自世界各地的1,500枚稀有剪刀",全羅北道濟南郡濟南邑丹陽里690-15,停車場有100個停車位,展覽室+倉庫+辦公室+音樂商店,,2個地方,6個地點（剪刀博物館+明仁豪華博物館+紅參溫泉+山香草鎮+歷史博物館+米登鄉村主題公園）,資料室
辛woojang,滿海軍在日本佔領期間的韓永恩的房子,,沒有停車場,善ja博物館,,城北避難所的體育設施,旅遊劇院,
"吉爾·桑薩（Gil Sangsa）",從旺戈爾從頂尖的神仙撤軍到都市大都會多央,,停車場有50個停車位,葉良載,,,三清閣（演藝廳）,
韓國家庭住宅,一眼就能看到韓國傳統家具的地方,,停車場有35個停車位,歷史文化中心,,,,
長興旅遊區,您可以欣賞到景明山和松竹谷等自然風光，還可以欣賞到楊州市張屋進美術館，加納藝術公園和松安太空中心等豐富的文化和藝術經驗。,京畿道良州市長興面石賢里山1,停車場有502個停車位,遊客諮詢中心+洗手間+停車場,,,露營地+美術館,
功陵旅遊理論,"靠近公陵它是湖邊的旅遊勝地，有水上休閒設施，如船和船。位於旅遊區的哈尼樂園（Hani Land）配備有10種遊樂設施，室外游泳池，釣魚場，雪橇運動場和步行道。營業時間為上午10點至下午6點。",京畿道坡州市八里邑長谷裡420-6,停車場有350個停車位,管理辦公室+4個洗手間+道路+廣場+停車場,,"雪橇場+游泳池遊樂設施（Hani Land）",功陵旅遊區露營地,
臨津閣旅遊景點,距首爾西北約54公里的林金閣（Imjingak）是抗美援朝戰爭爆發的地方。臨津閣（Imjingak）地下室1層，地上3層，建於1972年，專為朝鮮流離失所者建造，如今被稱為旅遊勝地。京畿道和平中心傳達著和平與環境的重要性。此外，我想經營鐵馬，朝鮮流離失所者的鐵路斷點，緬甸昂山，緬甸外交使節的緬甸，作為朝鮮戰爭代表遺產50年後開放的自由之橋，以及一個按照朝鮮半島指示建造的統一池塘。這是一個統一的安全旅遊目的地，有鐘聲和紀念碑供美軍參與。此外，還舉行了許多與統一有關的活動，作為朝韓交流與和解與合作的場所。作為不需要像板門店那樣複雜的許可手續的旅遊目的地，它已成為京畿道最受歡迎的地方。最近，已經開發了小型兒童遊樂場，因此您可以使用維京人和迷你火車。,京畿道坡州市文山邑三岳裡494-1,停車場有2091個停車位,管理處+旅遊信息售票處1樓+洗手間3樓+公共關係1樓+控制室2樓+污水處理廠2樓+污水處理廠1樓+基礎訊施,,遊樂園設施（和平土地）+觀光列車（和平火車）,6.25被綁架者紀念館被綁架者之歌芒香和平鐘想經營昂山紀念塔江丹崗展覽館,
酸洗,大邱廣域市北區8意見,大邱北區千山洞1168-3,停車場有50個停車位,洗手間+停車場+休息設施,,,,
Mogundae,釜山的三宮之一與太宗台和海雲台,釜山市薩哈區大前洞482-3,沒有停車場,洗手間,,,達達砲兵,
壞疽,具有農業歷史博物館，各種體育設施等的旅遊勝地,,停車場有140個停車位,道路+停車場+管理室+活動廣場,,自衛訓練場+多功能體育場,藍年的中心+誕生和開始+歌德國家休閒營地劇院舞台+歌德公園+農業歷史博物館,綠化
碩靜,"Suok Falls，以拍攝戲曲而著稱的Suokjeong和Suokjeong水上游樂場，為夏天降溫，還有著名的山脈，如yeong陵山和吉大峰峰，,那教徒創造的自然旅遊勝地",,停車場有120個停車位,停車場+排水區+公共洗手間+污水處理廠+管理處+道路和廣場,,水上游樂場,水庫遊樂設施,綠地+寺廟+河流和水庫
奇山旅遊理論,"奇桑谷（Chisan Valley）擁有美麗而清澈的水，是一個吸引夏天的旅遊景點，夏季有30,000多人參觀。",慶北市永川市新寧面千山里San255,停車場有281個停車位,公共洗手間+停車場,,,奇山露營地,
後藤商城,後藤購物中心是指快速航站樓的地下購物中心，是一個提供各種美食和景點的地方，例如咖啡館，飯店和花卉市場。您可以低價購買衣服，鞋子和各種配件，並且可以根據季節看到盛開的花朵。,"首爾市瑞草區Jamwon-dong 68-17",沒有停車場,洗手間,,,,
金居城,"它是晉州的代表性旅遊勝地和歷史遺跡，連續八年被評選為韓國100大最佳旅遊之一。晉州牧師金思敏在日軍入侵期間用3,800名士兵擊敗了20,000名日本士兵，城堡中分佈著各種文物和遺骸。",慶尚南道晉州市城成洞415,停車場有37個停車位,金居城管理處+停車場+金州旅遊諮詢中心+旅遊口譯諮詢中心+洗手間,,,古蹟+博物館,
金洋河,金陽湖，與俯瞰山的美麗自然風光相得益彰。有各種景點，例如金陽湖公園，休息觀景台，許願樓梯，動物園，晉州傳統鬥牛場，港大壩水文化中心，兒童運輸公園和金陽湖繞道。,慶尚南道晉州市板門洞San171-1,停車場有400個停車位,停車場+旅遊地圖+洗手間,,動物園鬥牛場,水壩+動物園+碼頭,
慶尚南道植物園,"慶尚道植物園是一所綜合性的教育中心，用於學習有關森林，動植物的自然生態學。它擁有3,340種植物，並且每個主題都有展示廳和植物園，因此被譽為郊遊勝地和約會路線。",慶尚南道晉州市伊万城面大川里482-1,停車場有304個停車位,跑步者窗戶+信息中心+洗手間+辦公室,,,動物園植物園,
統營胭脂,"Skyline Luge是一款經過特殊設計的手推車，可讓乘客自由調節和下垂1.5公里的軌道，是所有年齡段的人都可以輕鬆學習和享受的戶外車輛。",慶尚南道統營市多南洞319-3,停車場有350個停車位,洗手間,,,,
樸慶里紀念堂,"為了紀念偉大的小說家樸慶里（Park Gyeongri）的文學成就而建造了紀念堂，樸京里出生於同慶，並弘揚了獨具特色的文化內容。",慶尚南道統營市三養邑新光裡1429-9,停車場有23個停車位,洗手間,,,,
海底隧道,東方海底的第一條隧道,慶尚南道統營市當洞1-3,沒有停車場,旅遊諮詢中心,,,,
長薩多海洋公園,乘船進入海上公園。,慶尚南道統營市韓山面前州里4-1,沒有停車場,洗手間+咖啡廳+餐廳+休息區,,,公園,
統營市立博物館,統營市立博物館打算保存和展示統統的寶貴文化遺產，以備將來之用。,慶尚南道統營市獨川洞28號,停車場有32個停車位,洗手間+咖啡廳+餐廳+休息區,,,展覽室,
Samdosugun控制,"Lee Chungmugong的呼吸縮寫為Samdosugun Controlling，它是指主要的Yeongyeong，Samdosuguns指揮了慶尚，全羅和忠清的3dos。第一個全祖英是李舜臣海軍上將的漢山營地，他在臨津戰爭期間被解僱為首任指揮官。",慶尚南道統營市文華洞62,停車場有140個停車位,洗手間,,,,
邊山海灘,美麗的日落海灘，位於國家公園的Beeeonsan半島上,全羅北道扶安郡面山面大興里523-117,沒有停車場,管理處+洗手間+停車場,,,,
維多海岸,威多（Wodo）的海灘，四面環山，清澈的水環繞著美麗的沙灘,全羅北道扶安郡威都面津裡545,沒有停車場,管理處+洗手間+停車場,,,,
莫杭海灘,小小的白色沙灘和松樹田野融為一體的海灘,全羅北道扶安郡朝鮮山面道城裡165,沒有停車場,管理處+洗手間+停車場,,,,
聯合岩石,奇特的岩層，大小瀑布和奶牛創造的壯麗景色,全羅北道濟南郡菊川面巨羊裡630,停車場有500個停車位,道路+管理室+7個公廁+污水處理廠,,1個體育設施,2個露營地,
邁山省立公園的整個區域,"麥山是Ammaibong（686m）和Sumaibong（680m），橫跨濟邑丹陽里和馬林面Dongchonri之間的邊界。在新羅王朝，西田山，高麗王朝的永丘山和朝鮮春秋錦山中，現在稱為邁山，意為它類似於馬耳。 1979年被指定為全羅北道的省立公園，2003年10月31日，邁山地區約160平方公里的土地升為第一名。",全羅北道濟南郡馬林面東村里76-2,停車場有862個停車位,洗手間（6個地方）+Pagora+NFC（8個地方）,,2個地方,6個地點（剪刀博物館+明仁豪華博物館+紅參溫泉+山香草鎮+歷史博物館+米登鄉村主題公園）,2個地點（部和北部遊客諮詢中心）
咸治公園,大邱廣域市北區8意見,大邱北區關島洞775-6,停車場有100個停車位,洗手間+停車場+音樂公園設施+水上游樂設施+休息設施,,,,
關島西園,大邱廣域市北區8意見,大邱北區相岳洞San79-1,停車場有30個停車位,洗手間+停車場+旅遊諮詢處+休息處,,,,
Mooee藝術中心,梅州小學的藝術花盛開著封閉的學校。平昌梅藝術中心是一個藝術家村，它是通過修復一所廢棄學校而創建的，其本身就是一個美麗的景點。目前，西方畫家鄭延錫，雕塑家吳相旭，陶權順範，書法家李俊se等藝術家都在積極從事創作活動。參觀平昌梅藝術中心時，您可以看到藝術家的工作現場並參加各種體驗計劃。寬敞的遊樂場被裝飾成一個室外雕塑公園，並展出大型雕塑。當您走到藝術天文台時，風景如畫的風景展現了出來，給您另一種印象。,江原道平昌郡鳳平面梅里58號,停車場有5個停車位,洗手間,,文化藝術體驗館,雕塑公園（戶外展覽）+美術展覽（室內）,
白龍洞,百陵洞的入口是一個海拔235m的天然洞穴，據信它始建於5億年前。它位於東港河水面以上約15m。百姓洞很早就為村民所熟知，人們認為它早在很久以前就被作為祖先的住所，因為洞口處有一個on偶，周圍還發現了陶製雕塑。此外，發現在石筍上固化了大約3萬年前的牛股骨骨頭，這增加了奧秘。尤其是，牡蠣和蜿蜒的河水環繞的白雲山山脈保留了原始的美麗自然風光，讓人想起了世英。,江原道平昌郡米坦面米哈里82,停車場有40個停車位,洗手間+洗手間,,,,
松亭旅遊區,海灘分佈廣泛，如果您稍微離開海灘，您會看到達納埃（Danae）海岸，那裡是季風和奇怪岩石的混合物。,慶尚南道南海郡美城面松井裡1129,停車場有387個停車位,淋浴更衣室+洗手間（2棟）+管理室（2棟）+污水處理廠+停車場,,,,
前賢尹奉吉紀念堂,它於1988年完工，以促進和發展尹奉吉博士的成就以及崇高的凡人精神。紀念館的一樓陳列著文物和生活照片，二樓則有辦公室，前賢研究所，研討室和尹奉吉圖書館。,首爾特別市瑞草區良才洞236,停車場有50個停車位,洗手間+停車場,,,,
"Hallyeosudo View纜車",安裝在統營市米勒克山上的Hallyeosudo觀光纜車是韓國唯一的雙纜自動循環纜車系統，它是採用瑞士最新技術安裝的，長度為1975m，是國內一般觀光纜車中最長的。特別是，儘管長度如此之長，但僅通過環保設計安裝了一個中間支柱，從而為乘客提供了非常舒適的乘坐體驗以及環境保護。此外，有48個8人座吊船連續運送乘客，因此您可以毫不拖延地上車，並且可以在附近的人們之間欣賞到Hallyeosudo的美麗風景。,慶尚南道統營市多南洞349-1,停車場有206個停車位,洗手間+咖啡廳+餐廳+休息區,,,,
半山堂城堂,宣祖26年（1593年），李舜臣海軍上將接管了三都棲軍司令，並在此建立了一個營地。,"慶尚南道統營市Hansan-myeon Dueok-ri San 39",沒有停車場,洗手間+休息區,,,,
奉化洞家庭度假村,一個國家休閒區，沿著山腳下的干淨山谷建造。,全羅北道江州市郡南區面南面沙裡裡625,停車場有200個停車位,管理室+停車場+洗手間+淋浴室+廚房,,一套腳運動場+一套運動場,木材文化體驗中心+露營地+人工瀑布,
仁川都保廳,"
主管上級牧師的莫（Mok）與縣（縣）之間的行政辦公室，作為朝鮮時期的行政機構之一",仁川市美丘hol區文鶴洞349-2,停車場有50個停車位,管理室+洗手間+停車場,,,,
e才旅遊景點,濟州西部最具代表性的度假勝地，翡翠色的海洋和碧陽島的壯麗景色,濟州市濟州市哈林邑Hy才裡2450,停車場有534個停車位,管理辦公室+洗手間（4樓）+廚房（2樓）+淋浴間（2樓）+停車場,,多功能泳池+海水游泳池,露營地+美化休息區,
國光市旅遊景點,濟州西部的代表性度假勝地，您可以同時享受海水和露天浴池,濟州市濟州市愛月邑廣治裡1566,停車場有331個停車位,管理室+洗手間（2棟）+停車場+浴室,,,營地+景觀休閒區+廣場,
金寧旅遊景點,濟州市東部的代表性度假勝地，開展海上休閒運動和露營等活動,濟州市濟州市古道邑金寧里里497-5,停車場有234個停車位,管理室+洗手間（2棟）+停車場+淋浴更衣室+廚房+夏季警察崗亭,,多功能國會+露營地+豬場+廣場+景觀休息區,,
全羅北道自然休養林,它距濟州市20分鐘路程。擁有50年曆史的雪松林和天然林的獨特風光與每年的國家自然休閑林中最多的遊客保持一致。這也是兒童森林體驗中心。森林評論。它運營森林經驗計劃，例如木製品。,,停車場有238個停車位,"管理辦公室1樓（售票處）+訪客中心（展覽室+視頻放映廳）+貨物存放室+ 2個公共洗手間+ 2個池塘+ 3個兒童遊樂場+停車設施（7.212㎡）等",,,,
諾魯生態觀測所,您可以觀察到約100頭ro。自然研究和生態經驗。這是一個開放的公民空間，您可以在這裡享受爬坡的樂趣。,,停車場有92個停車位,辦公室展覽室+定期觀察員+繁殖大樓+觀察路線+兒童遊樂場+帕戈拉等,,,,
"濟州Starbit Nuri公園",可以解決您在天文學和空間科學領域的好奇心的文化空間,"濟州島濟州市Odeung-dong 10-34",停車場有100個停車位,4D立體電影院。天文投影室天文觀察室展示室,,,,
庭園,,大邱北區相岳洞1500-6,停車場有50個停車位,洗手間+長凳+櫻花小徑,,,,
烏南濱水公園,,大邱北區關島洞349,停車場有50個停車位,洗手間+甲板路+噴泉+客廳公園+嬰兒森林體驗中心,,,,
帕達爾橋的夜景,,"大邱北區Paldal-dong 524-4",沒有停車場,,,,,
錦湖河負荷,,大邱北區能可洞673,停車場有2000個停車位,洗手間+停車場,,,,
慶北國立大學校園,大邱廣域市北區8意見,大邱北區相岳洞1370-1,停車場有5000個停車位,洗手間+停車場+休息設施,,,,
Chilgok和平紀念館,重新審查那洞河55天的戰鬥，並提供各種經驗來體驗該國,,停車場有300個停車位,餐廳+洗手間+護理室+辦公室,,各種體驗館+展覽空間,研討室+多功能室,
Chilgok綿羊農場,兒童體驗中心,,停車場有100個停車位,辦公室+停車場+洗手間+養羊場,,,,
加桑·蘇比亞,韓國最大的私人花園於2019年4月開業,,停車場有500個停車位,管理室+露營地+游泳池+四個季節的雪橇+恐龍園+學習園+美術館,,,,
國立知國森林運動中心,針對青年和家庭群體的森林經驗森林教育計劃和森林恢復計劃,,停車場有100個停車位,管理室+森林體育館+體驗中心,,,,獨家住宿
首爾藝術中心,這是韓國代表性的複雜文化空間，高質量的文化藝術內容，便利的設施和令人印象深刻的服務融為一體。在首爾藝術中心，藝術家的熱情帶動了客戶的印象，是市中心的文化遊樂場和文化休息區，每年有300萬遊客參觀。,首爾市瑞草區瑞草洞700,停車場有1212個停車位,歌劇玻璃+貨物存儲+兒童休息室+護理室+停車費+預付款機+銀行自動櫃員機,,,"歌劇院+CJ Towol劇院+Jayu劇院+音樂廳+IBK室內廳+獨奏廳+漢加拉姆美術館+書法博物館等。",
國立國樂中心,"作為為繼承和發展傳統音樂和舞蹈而建立的國家音樂機構，它從事各種活動，例如表演各種韓國音樂，進行研究和推廣項目。在其子公司下，有四個獨家藝術團體，包括鄭樂團，舞蹈團，民間樂團和創意樂團，演藝廳如Yeakdang，Umyeondang，Pungryu Sarangbang和Yeonhui Madang，韓國傳統音樂博物館和韓國傳統音樂培訓中心。",首爾市瑞草區瑞草洞700,停車場有227個停車位,洗手間+停車場+咖啡廳,,,"韓國傳統音樂博物館+Yeakdang+Umyeondang+Yeonhui Pungryu劇院+韓國傳統音樂培訓中心+戶外體驗中心",
慧能,194號歷史遺址由東部的Heonneung和西部的Inneung組成。興農王是朝鮮第三代太宗和王慶皇后敏的雙峰墳墓，仁農是動員朝鮮第二十三代孫祖王和孫原金的聯合形式。,首爾市瑞草區內閣洞13-1,停車場有20個停車位,洗手間+停車場,,,,
Sebitseom，半坡橋月光彩虹噴泉,"Sebitseom的意思是``三個閃亮的島嶼''，是世界上第一個在建築物上建造建築物的浮動結構。 Gabit島，Chavit島和Solbit島這三個島嶼通過橋樑相連，媒體畫廊``Yebit島''融為一體，是一個具有會議廳，表演，展覽和餐廳設施的複雜文化空間。",首爾市瑞草區半坡洞650,停車場有635個停車位,洗手間+停車場,,水會議中心,天文台媒體美術館,
三星d'light,三星Delight可以通過主題裝飾的最新數字技術，在未來體驗新的生活方式。地面的第一層和第二層是三星電子的公關大廳，遊客可以在其中自由地體驗有趣的數字媒體互動，第二層的地下是韓國最大的移動商店，在那裡他們可以體驗和購買各種三星電子產品。,首爾市瑞草區瑞草洞1320-10,停車場有888個停車位,洗手間,,,,
龍平旅遊區,"Birch Hill GC，水上公園，Greenpia公寓，龍之谷酒店等住宿設施，娛樂設施和高爾夫設施可供選擇。",江原道平昌郡大關嶺面龍山里和蘇哈里的整個地區,停車場有2837個停車位,停車場+洗手間,,滑雪場+高爾夫球場,,
阿爾卑西亞旅遊區,配備了四季度假勝地。它由一個高爾夫區，一個度假村區，一個滑雪區和一個冬季奧林匹克運動區組成，並提供滑雪設施，例如滑雪天文台，遊樂園設施和高爾夫設施。,江原道平昌郡大關嶺面龍山里425全區,停車場有2800個停車位,停車場+洗手間,,滑雪場+高爾夫球場,生態學習中心+音樂帳篷+音樂廳+江原學生運動訓練中心+教堂+阿魯德瑞花園+常綠花園+野花花園+森林丸花園,
鳳凰公園旅遊區,這是一個複雜的休閒勝地，全年均可與各種休閒設施一起使用，例如滑雪，雪鄉和水上樂園。提供高爾夫球場，滑雪勝地，娛樂設施和遊客住宿設施。,江原道平昌郡奉平面米麵裡1095-1的整個區域,停車場有2800個停車位,停車場+洗手間,,滑雪場+高爾夫球場,,
酸度,"宣城要塞（Sewonjin Fortress）為在Imjin入侵後的後續大喊做準備",慶尚北道七谷郡東明面南原裡32-78,停車場有200個停車位,辦公室+停車場+洗手間,,,,
迦山山城露營地,一個露營地，您可以充分享受大自然的氣息和八公山的四個季節,,停車場有220個停車位,辦公室+洗手間,,,,獨家住宿
古桑文學館,在這裡您可以感受到詩人古桑的文學殿堂，古桑是法國文學協會評選的全球200名最文學的詩人之一,,停車場有10個停車位,辦公室+洗手間+停車場,,,,
大埠洞歷史博物館,一座歷史悠久的紀念堂，傳達了營救的精神和和平的珍貴,,停車場有150個停車位,管理辦公室+洗手間+停車場,,,,
松井自然休閑林,大自然和人呼吸的地方靠近市中心的休閒森林,,停車場有100個停車位,管理辦公室+洗手間+停車場+露營地+住宿+淋浴+廚房,,森林體驗中心,,獨家住宿
Chilgokbo汽車露營地,有山川河流的汽車露營地,,停車場有100個停車位,電力設施+水和污水處理設施+洗手間+淋浴,,,,獨家住宿
崔尚潘的房子,通過在新土地上恢復崔尚潘的住所，您可以看到傳統建築。,慶尚南道河東郡阿克央面平沙裡483,停車場有230個停車位,洗手間（4棟）+停車場,,,,
華華市場,Hwagae市場是作為影湖地區的運輸通道和物流中心而創建的。,慶尚南道河東郡花江面塔里726-46,停車場有300個停車位,洗手間（2棟）+停車場,,,,
三成宮,這座宮殿內H立著華，華和丹根，您可以看到石塔。,慶尚南道河東郡青岩面穆基里1738-3,停車場有100個停車位,洗手間（2棟）+停車場,,,,
茨城工廠,這是一個在三福路展示人們生活和當地文化的檔案中心。,釜山市東區朝陽洞875-2,沒有停車場,,,,,
長期分享中心,"這是紀念Kirye Ki博士的紀念館",釜山東區朝陽洞856-31,沒有停車場,,,,,
於瑜的郵箱,它是為紀念清馬裕智煥而建造的。,釜山市東區朝陽洞827-44,沒有停車場,,,,,
168級設施,這是從釜山港到Sanbok路最快的捷徑。,釜山東區朝陽洞994-520,沒有停車場,,,,,
敏布金天文台,這是一個紀念釜山東區詩人金敏布的天文台。,釜山東區朝陽洞994-520,沒有停車場,,,,,
紹興廳（中韓友好中心）,這個地方是為了紀念紹興市與東區之間的友好合同而簽訂的，在那裡您可以體驗韓服和旗袍。,釜山東區卓陽洞546號,沒有停車場,,,,,
釜山浦安永福紀念港文化中心,紀念釜山浦港的歷史和保衛獨島的安永福將軍精神的文化中心。,釜山市東區十川洞722號,沒有停車場,,,,,
朱川洞,Jwacheondong的一個山洞，在日本殖民時期曾作為防空洞，在朝鮮戰爭期間曾是避難所,釜山市東區十川洞567-2,沒有停車場,,,,,
漫畫體驗中心,位於卡通街內的體驗中心，旨在推廣旅遊景點和傳統市場,釜山東區伯密洞1405-1,沒有停車場,,,,,
昌原市丹岩主題公園,作為全國第一個以甜柿子製成的主題公園，在大型草坪廣場上安裝了大型甲板舞台，甜柿子鞦韆和風車雕塑，孩子們可以在此玩耍，為公園的遊客提供了多種享受。,,停車場有80個停車位,"洗手間+停車場+ Pagora +超級運營",,,,
昌原樓,"Tooung是安順興（Anhn Soungheung）的第五代安德熙（Anhn Taekyoung），是鬥哲（Doocheol）的住所，在這裡您可以了解韓國傳統的韓國房屋，並重新闡明了我們祖先的生活方式和智慧。",,停車場有40個停車位,遊客諮詢中心+洗手間+停車場,,,,
朱南水庫,每年都有成千上萬的候鳥和家禽到此棲息，您可以在那裡遇到各種水生植物和水生昆蟲，並且可以生動地觀察候鳥的免費特技飛行。您會看到各種各樣的候鳥，其中包括16個自然遺跡和環境部的10種瀕危物種。,,停車場有44個停車位,管理辦公室+洗手間+停車場+天文台+生態學習中心+拉姆薩爾文化中心,,,,
瑪格桑溫泉,Mageumsan溫泉是一種弱鹼性水，平均水溫為55℃或更高，包含鈉，鐵，鈣和鐳等20種礦物質。它配有健身溫泉設施，例如運動浴，游泳池和露天浴池，並且可以進行治療，醫療和休閒。,,停車場有910個停車位,"
洗手間+停車場+足浴+庇護所",,,,
昌原科學體驗館,這是一個科學體驗中心，您可以在其中學習並從成長中的夢想之樹中學習科學，以便它們為未來的科學家成長其寶貴的夢想。,,停車場有106個停車位,洗手間+停車場+自助餐廳,,,,
馬山海洋休閒體育中心,這是一個獨特的海上休閒運動中心，您可以乘船享受海上體驗。我們每週運行一次體驗計劃。,,沒有停車場,演講室+更衣室+洗手間,,,,
恩川道次寺展覽館,它經營一個展覽室，其中陳列著約80件文物，包括從天川道次寺出土的文物，以及一個體驗車間，您可以製作自己的陶瓷。,,停車場有30個停車位,洗手間+停車場+體驗館,,,,
鎮海海洋休閒運動中心,它配備了一流的設施，例如交通便利，費用低廉，僅在學校就讀的海洋教育中心以及來自國家代表的講師。它經營難以到達的遊輪，小艇遊艇，帆板，皮划艇，漂流船和香蕉船。,,停車場有27個停車位,停車場+洗手間+更衣室+淋浴房+教室,,,,
三che海灘,長1km，寬85m的白色沙灘，乾淨整潔的東海海灘，綠色的松樹林，小港口，奇特的岩層，海岸上的沙山分佈。收到很多回應,,停車場有1400個停車位,管理辦公室+停車場+廣場+洗手間（2座建築物）+淋浴,,,,
盟友旅遊景點,它是一個以海灘為中心的海濱旅遊勝地，具有自然的環境元素，例如東海的清澈海水，長長的白色沙灘（稱為MyeongFortyRi）以及在相鄰農田之間平行形成的熊刷。,,停車場有500個停車位,管理處+停車場+洗手間（1座建築物）,,,,
江湖旅遊理論,旅遊娛樂設施，汽車露營地，大篷車和露營設施等旅遊設施已經建成並投入使用，海上索道和美化休息區等自然景觀觀賞設施已經建成並投入使用，每年都有大量遊客前來。,,停車場有800個停車位,管理處+停車場,,,,
耶當旅遊勝地,依登野塘水庫風光秀麗的旅遊勝地,"忠清南道業山郡恩鳳面面Husari 448-1",停車場有421個停車位,管理室+洗手間（3座建築物）+停車場（3處）+休息區（1處）+室外音樂廳,,,,
喬當旅遊景點,利用自然環境和美麗自然地形的環保高爾夫球場，受氣候影響相對較小，具有四個季節的旅遊勝地。,,停車場有140個停車位,廣場+停車場,,,,
天安娛樂,水上樂園，水療公寓，天安文化藝術中心等,,停車場有1334個停車位,停車場+洗手間,,,,
天安金山縣旅遊度假區,醫療旅遊綜合體和高爾夫球場建設等,,停車場有3093個停車位,管理處+停車場,,,,
太郎山,作為社區公園（太祖山公園）進行管理,忠清南道天安市東南區裕裕洞22-1,停車場有200個停車位,停車場+洗手間,,,,
熊莖,一個歷史文化旅遊勝地，適合家庭遊客住宿和各種休閒活動,忠清南道公州市雄津洞347,停車場有1137個停車位,管理辦公室+停車場+洗手間（1座建築物）+游泳池+起居區+博物館,,,,
麻谷溫泉旅遊區,世界遺產瑪谷寺附近的溫泉旅遊勝地,,停車場有1086個停車位,管理室+洗手間3+停車場+污水處理廠,,,,
新井湖旅遊勝地,"Shin Jungho是放鬆身心的空間，是深受市民和遊客喜愛的旅遊勝地。",,停車場有153個停車位,管理室+3個洗手間+停車場+戶外音樂廳+燒烤,,,,
Ganwoldo旅遊勝地,"您可以參觀甘沃拉姆（Ganwolam），在這裡您可以欣賞天秀灣（Cheonsu Bay）和摩西（Moses）海上航線的美景。",忠清南道瑞山市武山面甘月通680,停車場有509個停車位,洗手間+停車場+電力設施+通訊設施+給排水設施+遊客諮詢中心,,,,
Sapgyoho旅遊景點,"Sapgyoho旅遊勝地是在1979年10月26日Sapgyoho路堤完工後，根據1983年的指定和建設計劃創建的旅遊目的地。它面對人工湖和西海，因此您可以享受廣闊的湖泊和海洋的氛圍。漢生公園，海洋主題科學館，海洋公園，體育公園，世界藝術馬戲團表演廳和遊樂園等旅遊景點已經創建，任何人都可以看到，享受，用餐和體驗。 。",,停車場有1000個停車位,洗手間+停車場+表演廳+附近設施,,,,
Waemok村旅遊景點,Waemok村是西海唯一的景點，您可以在一個地方欣賞日出，日落和月出。從11月到3月，當太陽落在Nojeokbong山頂（Namgeunbawi岩石）上時，Waemok村的日出就像一幅韓國畫一樣美麗。由於海岸向東突出，並且相鄰的洋灣和牙山灣位於內陸深處，因此被命名為Waemok村，因為它的凹痕像蒼鷺的脖子一樣細。沿海岸線安裝了一個1.2公里長的水濱甲板，因此您可以赤腳享受舒適的海灘漫步。您可以體驗各種各樣的海鮮，其中海洋的氣味在開放的自然環境中傳播，同時減輕了日常生活的負擔。,,停車場有150個停車位,洗手間+停車場和表演廳,,,,
南地道旅遊勝地,這個島之所以被命名為“極島”，是因為據說它會長出許多蘭花和樹枝。極島的沙灘和平緩的深度非常適合作為海灘。此外，它為海上休閒運動提供了最佳的自然環境。這個地方由30分鐘的船路相連，也是家庭旅行到安靜的島上村莊的理想之地。這個島嶼的另一個吸引人之處在於您可以在海裡游泳的同時享受海上垂釣。極島是一個清潔的地區，自然保護完好，是生態學的寶庫，有刺蓮花和金雀花等瀕危物種，沿海地區棲息著黑頭pl（被稱為自然紀念物326號）。,忠清南道當金市石門面南極道裡599,停車場有115個停車位,洗手間+停車場+管理室+兒童遊樂場,,,,
古德拉,與白馬河相映成趣，創造了一個雕塑公園，為許多人提供了休息的地方,,停車場有1000個停車位,文化與旅遊評論員之家+洗手間+停車場,,,,
徐東洋,百濟，皇宮，皇宮，傑賈捷街等,,停車場有500個停車位,洗手間+停車場+青年訓練中心+足球場+籃球場等,,,,
百濟文化園區,在三個王國時期，韓國第一個複制百濟王宮的建築。根據百濟時代的遺跡和文物了解百濟的歷史和文化,,停車場有1381個停車位,洗手間+停車場+問訊處+管理處,,,,
春江台海灘,沙灘長2km，寬200m，深1〜2m，位於Seocheoneup以北34km處。擁有得天獨厚的海灘，鬱鬱蔥蔥的金合歡森林，周圍環繞著海松，緩坡和平靜的海浪。,,停車場有700個停車位,"管理室+洗手間（8座建築物）+ 2個停車場",,,,
"Chilgapsan Dorim溫泉",利用潔淨區特色的鄉村溫泉旅遊勝地,忠清南道昌陽郡長平面全穀裡471-8,停車場有191個停車位,管理處+碼頭+停車場+污水處理廠+廣場,,,,
南當,您可以在所有季節品嚐新鮮的海鮮，例如龍蝦，螃蟹，鳥蛤和青蟹，而平靜的銀色水面使日落變得美麗。,忠清南道洪城郡西面面南當裡859-2,停車場有408個停車位,遊客諮詢中心+洗手間+停車場,,,,
南當,您可以在所有季節品嚐新鮮的海鮮，例如龍蝦，螃蟹，鳥蛤和青蟹，而平靜的銀色水面使日落變得美麗。,忠清南道洪城郡西面面南當裡859-2,停車場有408個停車位,遊客諮詢中心+洗手間+停車場,,,,
南當,您可以品嚐各種季節的新鮮海鮮，例如龍蝦，扇貝，蛤，青蟹，並且您可以在平靜的銀色水面上感受到日落的美景。,忠清南道洪城郡西面面南當裡859-2,停車場有408個停車位,遊客諮詢中心+洗手間+停車場,,洪城騎馬體驗中心,情況里約露營地,
南當,您可以品嚐各種季節的新鮮海鮮，例如龍蝦，扇貝，蛤，青蟹，並且您可以在平靜的銀色水面上感受到日落的美景。,忠清南道洪城郡西面面南當裡859-2,停車場有408個停車位,遊客諮詢中心+洗手間+停車場,,洪城騎馬體驗中心,情況里約露營地,
芒古里公園,首爾代表性公園，韓國近代史上的主要人物生活和呼吸的歷史和文化,芒梧洞山57-1,沒有停車場,,,,,
德山溫泉,富含Ca，Na，SiO2的溫泉水，對改善皮膚具有極好的效果,,停車場有1000個停車位,管理辦公室+洗手間（3座建築物）+停車場（3個地點）+足浴（1個地點）,,,,
曼利波海灘景點,"Manlipo在潮汐和潮汐之間有很大的不同，但是海灘寬闊而平緩，背後的松樹林茂密。它以其美麗的風景而聞名，可以看作是最好的風景之一。為遊客提供景點※Manlipo附近有Cheollipo植物園（7,000種）",忠清南道大安郡水原面墨行里1395,停車場有342個停車位,停車場（2個地方）+公共洗手間（5個地方）+給水和污水處理設施+遊客諮詢中心（1個建築物）+路燈+景觀照明街道等。,,,,
安面堂旅遊勝地（花區）,Kkotji海灘附近，西海岸美景，日落景色宜人的旅遊勝地四個季節有很多新鮮的海鮮，每年有23百萬遊客到訪1991年被指定為旅遊勝地，但私人投資者由於未出現，開發被延遲,忠清南道大安郡安面邑勝面裡339-586,停車場有555個停車位,洗手間+停車場+自來水和污水處理設施+遊客諮詢中心+街道等,,,,
石井溫泉旅遊勝地,全家人可以使用鍺溫泉享受的四季度假勝地,全羅北道高昌郡高昌邑石亭裡733號,停車場有840個停車位,道路+停車場+公園+廣場等,,高爾夫球場+水療中心,銀娛村文化體育中心,
西浦裡旅遊勝地,"超過100年的柏樹構成了茂密的森林，緩坡和寬300m，長3km的寬闊白色沙灘是每年可供100,000多名遊客休息的地方。松樹林種植了800棵據說已有200年曆史的松樹，非常適合團體露營。還有一個大型遊樂場，海灘遊樂場，網球場，餐廳，卡拉OK室和自行車出租，因此所有休閒設施都已準備就緒。在附近的海岸上，烏魯魯克（Worruk）和諾拉米（Nolaemi）受到了很好的歡迎，喜歡海上釣魚的遊客也在不斷地訪問。",仁川延津郡德壽麵西浦裡229-23,停車場有20個停車位,管理室+污水處理廠+淋浴+道路+停車場+洗手間,,運動設施,營地,
百色佐旅遊景點,通過直接參加並停留在具有千年曆史的素拜山自然環境的一千年曆史的Buseoksa寺中，提供各種體驗和旅遊活動,慶尚北道英州市青山市北面面北路301-4,停車場有540個停車位,道路+人行道+廣場+新聞中心+停車場+洗手間等,,,野餐場+Buseoksa故事路+服裝大使故事一等。,
士蘭旅遊景點,您可以欣賞到傳統的捕撈魚肉和全國各地的落日美景,慶尚南道泗川市士蘭洞1245-1,停車場有150個停車位,住宿設施+商業設施+娛樂和文化設施+洗手間+停車場+電力設施+水和污水處理設施,,,,
野兔花園,"它是長寧郡這一地區兒童和家庭的生態體驗旅行目的地，這是國家童謠“ San Rabbit”的起源，旨在提醒成年人孩子們的童年記憶，並為兒童提供生活體驗學習的場所。",,停車場有195個停車位,諮詢台（售票處）+停車場+洗手間,,滾滑梯+軌道雪橇+兒童跑道,小動物園+兔子康復體驗中心,
張ye旅遊勝地,您可以俯瞰美麗的大清湖畔，欣賞當地的材料和詩歌作品。,忠清北道富川郡圭多面長野裡7-1,停車場有250個停車位,當地展廳（管理室）+洗手間（3座建築物）+停車場,,,音樂廳,
丘薩博物館,在金正熙晚年在Gwajichodang呆了四年之後，Chusa博物館開幕以宣傳科學和藝術的精髓。,京畿道果川市華巖洞184-2,停車場有33個停車位,道路+停車場+洗手間,,,https:++www.gccity.go.kr+chusamuseum+main.do,
達城土城村,一個小巷花園始於將盆栽植物從房子中取出放入小巷,大邱市西區比散洞404-5,停車場有26個停車位,歡樂時光Mogol工作坊,,,天然染色工作坊+全陽市刺繡博物館+鄉村圖書館+陽光+完美工廠小劇場,
當行坡旅遊勝地,當航坡旅遊勝地是日本入侵朝鮮期間忠武公上將伊孫Yi大張旗鼓的多功能旅遊目的地。,慶尚南道高城郡華面奉東里950-1,停車場有1572個停車位,管理處+售票處（大門）+洗手間+淋浴+廚房+停車場+污水處理,,滑梯+室外游泳池+冒險樂園+2英尺運動場+室外大型表演廳+小型表演廳,汽車露營地+與家人一起體驗遊艇,圓頂旅館
wa瓜山遊樂區,作為在定平市著名山岳名古山上建造的休閒勝地，您可以享受各種體驗設施和美麗的風景，例如休閑林，露營，冥想雲橋，冥想屋，繩索走動體驗和四個季節的雪橇。,忠清北道正平郡正平邑尤里裡61-1,停車場有50個停車位,辦公室+洗手間+停車場,,Jwagu山繩索+四個季節的雪橇+山地車課程+虛擬增強現實綜合展覽體驗中心+森林探險設施,冥想雲橋+Jwagusan森林冥想館+三木生態公園+Beeolcheonji公園,
wa瓜山天文台,配備356毫米折射望遠鏡，您可以觀察到天體的生動外觀以及山的清澈夜空。,忠清北道正平郡正平邑尤里裡61-1,停車場有20個停車位,辦公室+洗手間+停車場,,天文觀察室+天文投影室+VR體驗中心,,
正平民俗體驗館,"這裡有傳統的文化體驗元素，還有各種展廳，可以讓您一睹正平的歷史和農業文化，還舉辦了現場音樂節，如Jangteul Durenol。",忠清北道正平郡正平邑南平里91,停車場有20個停車位,辦公室+洗手間+停車場,,民俗韓屋體驗,門廳+韓屋體驗館+地方材料展廳+特別展廳,
"Edu Farm特區旅遊綜合體（Belforet度假村）",作為忠清北道唯一的特殊旅遊區綜合體和中部地區最大的旅遊綜合體，它擁有各種活動和娛樂設施。,忠清北道貞平郡道面面延村里San58,停車場有100個停車位,辦公室+洗手間+停車場,,高爾夫球場+極限雪橇+水上休閒+碼頭俱樂部,貝爾福雷特牧場,
束草海灘,海岸線長約2公里，白色沙灘長約500m，是束草市的代表旅遊勝地，因其深度較淺而受到家庭遊客的青睞。,江原道束草市城陽洞1464-7,停車場有550個停車位,管理辦公室+淋浴更衣室+公共洗手間+道路+停車場,,"海水泳池+ X遊戲室",海洋館+休息區+觀景台+主題街+景觀遊樂區+多用途草皮廣場,
天山溫泉,"它成立於1971年，是一個溫泉勝地，利用從地下4,000公里的深度產生的溫泉水，位於雪嶽山附近。",江原道束草市野鶴洞972-1,停車場有350個停車位,道路+停車場,,,雪岳預防醫學中心+世界水療中心+食品法規+兒童營+餐館+咖啡廳,
雪岳韓華度假村,這是一個綜合主題公園，擁有使用天然溫泉水和水上游樂設施的溫泉設施，並配備了雪岳水上樂園等各種輔助設施。,束草市長沙洞24-1,停車場有2000個停車位,停車場+排水+變電站+道路,,高爾夫球場+飛狐,水療+戲劇套裝,
新羅克薩旅遊理論,沿著涼爽的漢河有自行車道，各種體育設施，Ye州博物館，陶瓷世界和農業專賣店，每年都在這裡舉行Ye州陶器節和小go節。特別是對家庭愛好者來說，這是一個郊遊空間，在那裡他們可以欣賞到黃帆船和分隔漢河的水上休閒活動。,京畿道Ye州市天城洞289-7,停車場有1830個停車位,遊客諮詢中心+停車場,,水上體育場+空軍,青年培訓室+戶外音樂廳,
普門旅遊區,四季皆宜的溫泉型旅遊勝地，內陸旅遊勝地，可以營造出優雅傳統的形象,慶尚北道慶州市新平洞375-7,停車場有540個停車位,道路+市政廳+崗亭+消防局+郵局+水車廣場等,,會員高爾夫球場（36洞1席）+公共高爾夫球場（18洞1席）+遊樂設施（慶州世界）等。,會議中心+培訓和培訓設施+青年培訓設施+新羅千年酒店+綜合體育設施+小型公園等。,
成龍洞景點,成龍洞附近的旅遊景點,慶尚北道蔚珍郡廣南面野蔭裡850-12,停車場有91個停車位,道路+停車場+廣場+洗手間+污水處理廠,,,洞穴生態展示廳+戶外表演廳,
白岩溫泉景點,利用白山山溫泉水的溫泉旅遊勝地,慶尚北道蔚珍郡安井面太太裡1453,停車場有501個停車位,道路+停車場+車站+公園+綠地+小河+溫泉+消防設施+國家森林管理局+排水區,,多功能運動場+足球場+拉雪橇場+健身訓練場+運動場+步行場+生存遊戲場,會議廳+觀景台+景觀休息區+自然學習中心,
錦江河口德克旅遊勝地,"它毗鄰金姆河（Geum River），毗鄰群山（Gunsan），是候鳥棲息的地方，您可以看到美麗的候鳥群，這裡有很多食物。",忠清南道瑞川郡益善面多三里71-5,停車場有486個停車位,綜合信息中心+停車場+洗手間,,,,
忠江台,"作為韓國Haesongrim唯一的海灘，有很多事情可以做，例如露營和貝類狩獵以及附近的Dongbaekjeong Maryang港口。",忠清南道瑞川郡道頓裡1319,停車場有300個停車位,綜合信息中心+停車場+洗手間+烹飪區,,,,
Nongwoljeong,"Hwarimdong是內城保留了自然之美的三個洞之一。 Hwarimdong是一個蜿蜒的水邊的小村莊，沿著26號國道大約4公里，從Anian到全羅北道長壽郡，這是Hwarimdong的精華''''''''''Nongwoljeong''''''''這是''。在Hwarimdong，起源於德市遺產的錦川流淌而來，形成了一個paldam paljeong。因此，自古以來，和林洞就被稱為涼亭文化的寶庫。即使到了今天，仍然保留著包括農月井在內的四個古董亭。特別是，農牧井是我們許多祖先在騷擾月球時玩風的想法，到訪咸陽的許多詩人和遊客都居住在這裡。在山腳下的松樹林中間夾著綠樹，似乎在伸展著地衣線，而排著長隊的垂柳似乎垂釣了數千條。一塊大石頭散佈著，清澈的水形成了一條銳利的曲線。顧名思義，在這個岩石上流淌的水形成金色波浪的地方，農牧井似乎在騷擾月亮。水像一塊滑過的岩石般流過，岩石名叫Wolyeonam，巨大到無法預測的大小，水槽沿水道深陷。在Wolyeon清澈的水中嬉戲的惡作劇和美麗的風景成為東方繪畫，阻止了路人的腳步。",慶尚南道咸陽郡安面W面裡727-1,停車場有150個停車位,道路+停車場+管理處+洗手間,,,小屋房+汽車露營地,
華巖旅遊理論,自然風光的自然歷史文化特色和自然文化特色被轉化為旅游資源,,停車場有500個停車位,道路+停車場+管理室+洗手間等,,多用途廣場等,當地博物館+金礦村等,
Auraji旅遊勝地,自然風光的自然歷史文化特色和自然文化特色被轉化為旅游資源,,停車場有100個停車位,道路+停車場+管理室+洗手間等,,多用途國會等,阿里郎博物館+達洛雷姆公園等,
古德拉旅遊景點,一個健康的旅遊目的地，您可以在這裡與白馬河一起享受家庭公園和運動,忠清南道扶餘郡扶餘邑古橋裡17-4,停車場有300個停車位,廣場+碼頭+雕塑公園,,,,
西大門町歷史旅遊勝地,建立歷史文化環境，成為扶餘的代表性觀光勝地,忠清南道扶餘郡中華路加化里313,停車場有150個停車位,管理處+停車場+洗手間,,拉鍊手+圍圈,扶餘郡青少年培訓中心,
百濟文化觀光園區,以消費者為中心的綜合性旅遊綜合體，可提高獨特的教育價值，旅遊業和當地經濟,忠清南道扶餘郡G面面合井裡578,停車場有3000個停車位,停車場+洗手間,,高爾夫球場,百濟歷史文化中心+百濟文化園區+樂天折扣店,
塔普桑礦泉,世界上最好的含鍺溫泉，其中含有有機鍺成分，可通過將能量注入體內來促進健康,慶尚北道義城郡鳳陽面孤山里1635,停車場有200個停車位,管理辦公室+洗手間+停車場,,,,
聞慶市宰宰府公園,"Mungyeongsaejae意味著鳥很難飛過，也被稱為joryeong（鳥嶺）。 ''''''''''''''''Saejae''''''''' ''''''''''''''''Saejae''''''''''''' ' 1979年被指定為慶尚北道第一國家旅遊地，1982年被指定為文化遺產保護區。繼1997年聞慶賽載博物館開幕之後，KBS電影拍攝場和聞慶賽載戶外表演中心分別於2000年和2002年開放。",,停車場有2320個停車位,管理辦公室+洗手間（31棟建築物12沖洗建築物+19棟常規建築物）+停車場（4個地點）,,,,
龍馬瀑佈公園,東部最大的人工瀑佈景點,面木洞1-4山,沒有停車場,,,攀登競技場,,
聞慶拉拉（包括煤炭博物館）,融合了百濟道館生態資源的核心內容和生態友好型綠色文化的中心聞慶的圖像文化內容，以生態綠色能源環境為主題的娛樂文化空間主題公園。,,停車場有375個停車位,管理室+洗手間（洞）+停車場（開放）,,,,
聞慶電單車（鎮南站）,全國第一輛鐵路自行車，其路線從Jinnam站開始，路線非常漂亮，可以用作電影的拍攝地點，然後前往Bujeong站，同時欣賞Jinnam的壯麗景色,慶尚北道聞慶市馬成面新賢里126-1,停車場有58個停車位,管理室+洗手間（洞）+停車場（開放）,,,,
聞慶鐵路自行車（Gurangri站）,Gurangri站課程，您將體驗從Jinnam站觀看野花時穿越黑暗隧道的獨特體驗,,停車場有64個停車位,管理室+洗手間（洞）+停車場（開放）,,,,
聞慶電單車（Gaeun站）,該路線從靠近煤炭博物館的Gaeun站出發，然後回到Gurangni站。,,停車場有30個停車位,管理室+洗手間（洞）+停車場（開放）,,,,
聞慶Omija,開發了在慶尚北道八道中被認為是第一的高城山城要塞，晉攪拌道中的第一條的Omija主題隧道以及過去曾載煤的聞慶線的Seokhyeon隧道。,慶尚北道聞慶市馬成面新賢里103-1,停車場有300個停車位,管理室+洗手間（洞）+停車場（開放）,,,,
Gomosanseong，兔子Birri,三國時期的城堡牆。聞慶市馬成面新賢里五摩山的Pogoksik要塞,"慶尚北道聞慶市馬成面新賢里San 30-1",停車場有80個停車位,管理室+洗手間（洞）+停車場（開放）,,,,
聞慶飛索,位於釜井自然保護區內的飛索，設有9個難度級別和課程長度不同的課程,,停車場有60個停車位,管理室+洗手間（洞）+停車場（開放）,,,,
聞慶綜合溫泉,有兩種促進新陳代謝的泉水，例如碳酸氫鹽和鹼性泉水。,,停車場有1000個停車位,管理室+洗手間（洞）+停車場（開放）,,,,
聞慶滑翔樂園,位於聞慶溫泉以東4公里的五穀丹山（Dansan），有2個起飛場和3個著陸站。,"慶尚北道聞慶市聞慶邑Goyori 436-2",停車場有30個停車位,管理室+洗手間（洞）+停車場（開放）,,,,
釜田自然休閑林,它位於Sojeongbong山頂（Yaksusan海拔487m）和Jobong，這是一座位於Buljeongdong村內的小山峰，並且全年營業。,,停車場有50個停車位,管理室+洗手間（洞）+停車場（開放）,,,,
和順溫泉,溫泉勝地,,停車場有536個停車位,管理處+公廁+溫泉+排水+綜合大樓內的道路,,水族館,溫泉+綜合娛樂設施,
多哥溫泉,溫泉勝地,,停車場有462個停車位,管理處+公廁+溫泉+排水+綜合大樓內的道路,,,溫泉+綜合娛樂設施,
雲珠寺,千佛寺塔照片文化中心，雲珠寺,,停車場有380個停車位,戶外表演廳+污水處理廠+草場+洗手間+停車場+攝影文化中心,,,,
恐龍博物館,394號天然紀念物,"全羅南道海南郡黃山面Uhang-ri 191",停車場有500個停車位,休息室+商店,,,博物館,停車場
平澤湖旅遊區,文化藝術生活的生態文化旅遊綜合體,京畿道平澤市賢德面廣安管理所551-3,停車場有724個停車位,管理辦公室+洗手間（6座建築物）+停車場（5個地點）等,,水邊甲板+公園+地上噴泉+白玉瀑布等,韓國音響中心+平澤藝術中心+智英熙傳統音樂廳等,管理處
漢灘河旅遊區,可以俯瞰漢灘河的自然位置的漢灘河旅遊勝地,京畿道延川郡正谷邑正谷裡696-3,停車場有392個停車位,管理處+洗手間+停車場,,,汽車露營地,
能港旅遊勝地,與清風湖景觀資源相結合，成為韓國最佳的瑞士風格主題和山地休閒核心住宿基地度假村,忠清北道濟川市蘇山面能港裡200-10,停車場有300個停車位,停車場+遊客諮詢中心+管理處+污水處理廠+淨水廠+環城路+獨家水廠,,高爾夫練習場+迷你高爾夫球場+卡拉OK室+丹波球場,"산상전망대1,2, 찜질방, 자연학습장, 과수단지, 문화관, 전통도예방, 야외공연장, 산정휴게소, 명산센터",綠化
錦月峰旅遊勝地,在清風清澈的自然風光和奇岩怪獸（錦月峰）的映襯下，創造了以旅居型公共設施（酒店，公寓等）為主要目的的閒置區域。,忠清北道濟川市錦城面沃古里裡134-41,停車場有300個停車位,管理處+停車場+公共洗手間+污水處理廠+淨水廠（排水）+道路+活動廣場+變電站,,,景觀休息區,購物中心+保護區+其他綠化區
桂山旅遊景點,"與水有關的旅遊基礎設施，例如水上休閒和水上碼頭，以及與Bibongsan Monorail相關的旅遊基礎設施",忠清北道濟川市清風面桂山里9-4,沒有停車場,停車場+道路+排水地下水處理廠,,競技+雪橇,景觀休息區+燒烤+觀景台,緩衝區綠地+圓形養護綠地
會議地點,濟州旅遊中心，將各種旅遊設施集中在一起，作為與長城湖周圍的旅遊設施相關的核心旅遊基地,"忠清北道Jecheon-si清風面Gyo-ri 147",停車場有264個停車位,道路+廣場+公共停車場+售票處（商店）+洗手間,,蹦極跳地面+人造石壁櫥+綜合管理大樓,會議廣場+休息區+野花花園,
濟川城內旅遊景點,一個文化影像主題區，充分利用了長風湖岸的傑出特徵，並與韓流相連。,忠清北道濟川市錦城面城內裡12-2,沒有停車場,道路+廣場+停車場+管理大樓+洗手間,,,拍攝場地+庇護所,特色餐廳+紀念品（紀念品商店）+綠地
傑川溫泉旅遊區,作為與清風湖，沃拉山等相關的核心治療基地,"忠清北道Jecheon-si Susan-myeon Nari Mountain 24",沒有停車場,管理處+道路+停車場+污水處理廠+排水,,,東方醫學溫泉（包括水上樂園）+美化休息區,購物中心+緩衝區綠地+循環保護綠地
京町旅遊景點,青浦地區最好的度假勝地，作為與青浦湖周邊旅遊設施保持聯繫的基地,忠清北道濟川市清風面京王裡225-1,停車場有200個停車位,"污水化糞池+淨水廠+燃燒化爐+公共洗手間+停車場+ Road",,多功能棒球+球館+遊樂園+迷你高爾夫球場,"조경휴게소, 녹지공원, 다목적광장, 격납고",經理住宿+河流+保護區+綠地
古蒙索旅遊理論,與天然紀念物古蒙索相結合，彰顯自然環境的特徵，進行地質學習和參觀化石場，並引進旅居型旅遊設施。,江原道太白市東正洞498-123,停車場有150個停車位,停車場+道路）+公共洗手間+多功能公園+自然歷史博物館,,,,
富平藝術中心,音樂，音樂會，展覽等,仁川富平區四正洞186-22,停車場有259個停車位,護理室+遊戲室,,,表演+展覽,工資
氣候變化體驗中心,生態教育計劃的經驗,仁川富平區加山洞403,停車場有4個停車位,護理室,,,생태교육체험,
富平歷史博物館,觀看與富平歷史有關的展覽,仁川富平區三山洞451-1,停車場有31個停車位,,,,展覽,
富平安全體驗館,災難模擬經驗,仁川富平區三山洞441-6,停車場有65個停車位,,,,安全教育經驗,
仁川導航公園,看著活著的蝴蝶,仁川富平區清川洞68-12,停車場有24個停車位,護理室,,,展覽,
龍大旅遊區,它位於雪嶽山國立公園的內索拉克地區，附近有十二個仙遊堂，萬海村，白潭寺，黃大德e和河流等旅遊勝地。,江原道仁濟郡北面龍大里1795,停車場有300個停車位,洗手間+停車場,,多功能國會+水上空軍,美化休息區+森林浴,
幫東旅遊勝地,吉林面位於邦東區,江原道仁濟郡吉林面邦東里34-5,停車場有250個停車位,洗手間+停車場,,多功能國會+水上空軍,美化休息區+森林浴,
汽車主題公園,它是韓國第一個汽車主題公園，擁有國際標準的賽車，四星級酒店和公寓。,江原道仁濟郡吉林面北里516,停車場有900個停車位,洗手間+停車場,,汽車運動體驗中心+賽車場,,
天地淵瀑布,"天地延，是指天地相接的池塘，是熱帶植物地帶，整個山谷被指定為自然保護區，因此周圍的風景優美。它配備了照明設施，因此您可以在晚上觀看直到晚上10點（自然紀念碑163 Dampalsu故居地，第379號延吉延安德森林，第27號野鰻棲息地）",濟州特別自治道西歸浦市瑞紅洞666-1,停車場有181個停車位,管理室+洗手間（3棟）+停車場,,,,
正房瀑布,"高23m。 8m寬。作為東部唯一的深度為5m的沿海瀑布，您可以看到瀑布直接掉入海中的風景（第43號風景線）",濟州特別自治道西歸浦市東洪洞278,停車場有95個停車位,管理室+洗手間（1棟）+停車場,,,,
大韓民國柱狀關節,柱狀節理是指主要形成於玄武岩熔岩流中的垂直節理。漢門·大浦海岸的柱狀節理高3040m。約1km的寬度是韓國最大的，六角形的柱子像折疊屏風一樣環繞，因此您可以充分享受自然的奧秘（濟州島地質公園第443號自然紀念物）,濟州特別自治道西歸浦市中門洞2768-1,停車場有80個停車位,管理室+洗手間（1棟）+停車場,,,,
天眼蓮瀑布,"始於漢拏山的Jungmuncheon流入大海時形成的瀑布。它分為三個瀑布，從Jusangjeolli的懸崖落到Cheonjeyeon（池塘）。 2.隨著天智苑水流進一步向下，形成了3個瀑布。有傳說說，供奉玉皇大帝的七仙女正在洗澡（天師岩大林378號自然紀念碑）",濟州特別自治道西歸浦市中門洞2232,停車場有141個停車位,管理室+洗手間（1棟）+停車場,,,,
三邦山,"傳說它是一個巨大的鐘形火山體，高395m，Seolmundae Halmang拔出了漢拏山山頂並將其扔下。在海拔200m處有一個叫做Sanbanggul的海洞。 （風景名勝區77。天然紀念物376。濟州島地質公園）",濟州島西歸浦市安德面面gy溪里184,停車場有26個停車位,管理室+洗手間（1棟）+停車場,,,,
龍目海岸,"因為它像一條龍的頭進入大海，所以被稱為龍目島海灘。幾千年來已經分層的砂岩層的岩壁被海浪雕刻成一個奇怪的懸崖。 （天然紀念物526號。濟州島地質公園）",濟州島西歸浦市安德面面沙溪里112-3,停車場有123個停車位,管理室+洗手間（2棟）+停車場,,,,
柑橘博物館,濟州柑橘的歷史和文化。作為一個從有意義的角度展示工業遺址的博物館。您可以看到與柑橘有關的展品，各種柑橘品種和外來植物。還有與柑橘類水果有關的各種體驗計劃。在新近開業的柑橘咖啡廳Dreamnada欣賞周圍風景的同時，品嚐美味的柑橘飲料。您可以以實惠的價格享用甜點。,濟州特別自治道西歸浦市新孝洞1200-6,停車場有88個停車位,管理辦公室+洗手間（室內3.室外2）+停車場,,,,
會山白陵寺,它配備了各種設施，例如東方最大的白蓮花棲息地，水玻璃溫室，水生植物生態中心，生態步道，室外水上游樂場和汽車露營地，因此您既可以體驗，也可以觀光,全羅南道務安郡伊洛邑博靈裡150號,停車場有563個停車位,洗手間+停車場+電力設施+通訊設施+給水排污設施+售票處,,指壓小徑,汽車露營地,
恩帕旅遊景點,在春天，它以鮮豔的櫻花樹而聞名，並受到市民的喜愛。,全羅北道群山市南東1223-5,停車場有982個停車位,管理辦公室+洗手間+停車場+草坪經理,,多功能國會+健身中心,森林體驗中心+避難所+景觀避難所+生態濕地+銀草園+柏樹避難所+森林漫步避難所,
金剛湖旅遊理論,作為韓國最大的候鳥遷徙目的地，它重生為自然與文化和諧相處的四個季節的旅遊勝地。,全羅北道群山市城山面城德里411-1,停車場有1055個停車位,停車場+廣場+洗手間+管理室,,娛樂設施+網球場,兒童公園+體驗中心+候鳥觀景台,
